query_id,patient_id,unrestricted_ms,authorization_ms,authorization_first_ms,total_auth_first_ms,all_candidates,authorized_candidates
Q0001,fc448035-8fc9-4893-b4eb-d1b90fc8742c,0.023885999979711414,0.2826460000164843,0.04413700000327481,0.32678300001975913,216,185
Q0002,fc448035-8fc9-4893-b4eb-d1b90fc8742c,0.017847000009396652,0.21468400001367627,0.03325000000131695,0.24793400001499322,216,185
Q0003,fc448035-8fc9-4893-b4eb-d1b90fc8742c,0.014581999977281157,0.202145000002929,0.037596999987954405,0.23974199999088341,216,185
Q0004,fc448035-8fc9-4893-b4eb-d1b90fc8742c,0.014792999991186662,0.20260499999835702,0.03200900002298113,0.23461400002133814,216,185
Q0005,fc448035-8fc9-4893-b4eb-d1b90fc8742c,0.014673000009679527,0.22158400000193978,0.033150000007253766,0.25473400000919355,216,185
Q0006,fc448035-8fc9-4893-b4eb-d1b90fc8742c,0.014781999993829231,0.1992910000012671,0.03178799997272108,0.23107899997398818,216,185
Q0007,fc448035-8fc9-4893-b4eb-d1b90fc8742c,0.012809999986984622,0.1925100000050861,0.031737999989900345,0.22424799999498646,216,185
Q0008,fc448035-8fc9-4893-b4eb-d1b90fc8742c,0.014662000012322096,0.1906770000061897,0.031658000011702825,0.22233500001789253,216,185
Q0009,fc448035-8fc9-4893-b4eb-d1b90fc8742c,0.013750999983130896,0.1860309999983656,0.03226799998401475,0.21829899998238034,216,185
Q0010,fc448035-8fc9-4893-b4eb-d1b90fc8742c,0.012518999994881597,0.24799399997732507,0.032319000013103505,0.2803129999904286,216,185
Q0011,04a849f4-1aaf-4112-a62f-d44df4325773,0.02334499998823958,0.19731799997657617,0.02881300000012743,0.2261309999767036,203,154
Q0012,04a849f4-1aaf-4112-a62f-d44df4325773,0.014381999989154792,0.1897560000259091,0.029183999998849686,0.21894000002475877,203,154
Q0013,04a849f4-1aaf-4112-a62f-d44df4325773,0.013400000000274304,0.1952850000179751,0.02937400000746493,0.22465900002544004,203,154
Q0014,04a849f4-1aaf-4112-a62f-d44df4325773,0.01378100000692939,0.1911379999910423,0.028704000015977726,0.21984200000702003,203,154
Q0015,04a849f4-1aaf-4112-a62f-d44df4325773,0.012267999977666477,0.22680199998603712,0.02897300001336589,0.255774999999403,203,154
Q0016,04a849f4-1aaf-4112-a62f-d44df4325773,0.014641999996456434,0.19453400000202237,0.029494000017393773,0.22402800001941614,203,154
Q0017,04a849f4-1aaf-4112-a62f-d44df4325773,0.01362000000426633,0.19227999999316125,0.029364999988956697,0.22164499998211795,203,154
Q0018,04a849f4-1aaf-4112-a62f-d44df4325773,0.014492000019572515,0.19313199999260178,0.029444000006151327,0.2225759999987531,203,154
Q0019,04a849f4-1aaf-4112-a62f-d44df4325773,0.013310000014143952,0.19027700000151526,0.029124000008096118,0.21940100000961138,203,154
Q0020,04a849f4-1aaf-4112-a62f-d44df4325773,0.015282999981991452,0.22502900000631598,0.030094999999619176,0.25512400000593516,203,154
Q0021,c76902dd-7c4a-4c83-aee0-933dee295bac,0.021932999999307867,0.19643600001018058,0.02540799999906085,0.22184400000924143,159,145
Q0022,c76902dd-7c4a-4c83-aee0-933dee295bac,0.01634399998806657,0.34275699999852804,0.02724100002637897,0.369998000024907,159,145
Q0023,c76902dd-7c4a-4c83-aee0-933dee295bac,0.014221000014913443,0.20688200001472978,0.09015599999884216,0.29703800001357195,159,145
Q0024,c76902dd-7c4a-4c83-aee0-933dee295bac,0.0135399999976471,0.2023859999837896,0.02557800002023214,0.22796400000402173,159,145
Q0025,c76902dd-7c4a-4c83-aee0-933dee295bac,0.014041000014231031,0.20362799997997172,0.025819000001092718,0.22944699998106444,159,145
Q0026,c76902dd-7c4a-4c83-aee0-933dee295bac,0.04045099998961632,0.2315400000156842,0.025868999983913454,0.25740899999959765,159,145
Q0027,c76902dd-7c4a-4c83-aee0-933dee295bac,0.01411100001291743,0.1933510000071692,0.02582899998060384,0.21917999998777304,159,145
Q0028,c76902dd-7c4a-4c83-aee0-933dee295bac,0.013190000004215108,0.1923300000044037,0.025208000010934484,0.21753800001533818,159,145
Q0029,c76902dd-7c4a-4c83-aee0-933dee295bac,0.013239999987035844,0.1947239999822159,0.026560000009112628,0.22128399999132853,159,145
Q0030,c76902dd-7c4a-4c83-aee0-933dee295bac,0.01461200000107965,0.1941929999986769,0.0534200000004148,0.2476129999990917,159,145
Q0031,9b8fdfcd-a8e1-4486-ac68-82cd1e190488,0.0391390000231695,0.21320099997979014,0.03598500001089633,0.24918599999068647,230,224
Q0032,9b8fdfcd-a8e1-4486-ac68-82cd1e190488,0.013500000022759195,0.19673700001021643,0.035272999980406894,0.23200999999062333,230,224
Q0033,9b8fdfcd-a8e1-4486-ac68-82cd1e190488,0.01221799999484574,0.1984100000242961,0.03497199998037104,0.23338200000466713,230,224
Q0034,9b8fdfcd-a8e1-4486-ac68-82cd1e190488,0.012478000002147382,0.20568099998286016,0.03672500000106993,0.2424059999839301,230,224
Q0035,9b8fdfcd-a8e1-4486-ac68-82cd1e190488,0.012118999990207158,0.22301600000673716,0.03566399999499481,0.25868000000173197,230,224
Q0036,9b8fdfcd-a8e1-4486-ac68-82cd1e190488,0.012569000006124043,0.19820900001832342,0.03601500000627311,0.23422400002459653,230,224
Q0037,9b8fdfcd-a8e1-4486-ac68-82cd1e190488,0.012579000014056874,0.1960959999962597,0.035443000001578184,0.2315389999978379,230,224
Q0038,9b8fdfcd-a8e1-4486-ac68-82cd1e190488,0.013489999986404655,0.27445400002079623,0.03648499998121224,0.31093900000200847,230,224
Q0039,9b8fdfcd-a8e1-4486-ac68-82cd1e190488,0.012658999992254394,0.20352699999648394,0.036024999985784234,0.23955199998226817,230,224
Q0040,9b8fdfcd-a8e1-4486-ac68-82cd1e190488,0.012679000008120056,0.197919000015645,0.035773999996990824,0.23369300001263582,230,224
Q0041,e974e5c3-9b22-41f2-b3a3-c12848f29a73,0.012167999983603295,0.18569100001286643,0.010665999980119523,0.19635699999298595,50,34
Q0042,e974e5c3-9b22-41f2-b3a3-c12848f29a73,0.009853999983988615,0.23466400000415888,0.01122699998745702,0.2458909999916159,50,34
Q0043,e974e5c3-9b22-41f2-b3a3-c12848f29a73,0.01032599999462036,0.2117800000007719,0.010355000000572545,0.22213500000134445,50,34
Q0044,e974e5c3-9b22-41f2-b3a3-c12848f29a73,0.010346000010486023,0.17567500000836844,0.010154999984024471,0.1858299999923929,50,34
Q0045,e974e5c3-9b22-41f2-b3a3-c12848f29a73,0.010114999980714856,0.17968099999166043,0.010376000005862807,0.19005699999752323,50,34
Q0046,e974e5c3-9b22-41f2-b3a3-c12848f29a73,0.010035000002517336,0.17994099999896207,0.010465999991993158,0.19040699999095523,50,34
Q0047,e974e5c3-9b22-41f2-b3a3-c12848f29a73,0.010465999991993158,0.18837400000393245,0.010625999976809908,0.19899999998074236,50,34
Q0048,e974e5c3-9b22-41f2-b3a3-c12848f29a73,0.010255999995933962,0.21456400000374742,0.010635999984742739,0.22519999998849016,50,34
Q0049,e974e5c3-9b22-41f2-b3a3-c12848f29a73,0.010656000000608401,0.18833400000062284,0.010685999995985185,0.19901999999660802,50,34
Q0050,e974e5c3-9b22-41f2-b3a3-c12848f29a73,0.010164999991957302,0.18018099999039805,0.010185999997247563,0.1903669999876456,50,34
Q0051,73f124a4-e69e-4b8c-a447-e72d23dc54be,0.015553999986650524,0.20784299999832,0.01873900001214679,0.2265820000104668,96,82
Q0052,73f124a4-e69e-4b8c-a447-e72d23dc54be,0.01097699998808821,0.2624859999968976,0.018587999988994852,0.28107399998589244,96,82
Q0053,73f124a4-e69e-4b8c-a447-e72d23dc54be,0.012007999998786545,0.2022449999969922,0.01791700000808305,0.22016200000507524,96,82
Q0054,73f124a4-e69e-4b8c-a447-e72d23dc54be,0.012349000002132016,0.2101970000012443,0.018136999983653368,0.22833399998489767,96,82
Q0055,73f124a4-e69e-4b8c-a447-e72d23dc54be,0.011177000004636284,0.25716799999031537,0.018116999996209415,0.2752849999865248,96,82
Q0056,73f124a4-e69e-4b8c-a447-e72d23dc54be,0.011688000000731336,0.2834579999841935,0.019749000017554863,0.3032070000017484,96,82
Q0057,73f124a4-e69e-4b8c-a447-e72d23dc54be,0.011616999984198628,0.2014739999935955,0.01773700000740064,0.21921100000099614,96,82
Q0058,73f124a4-e69e-4b8c-a447-e72d23dc54be,0.0115680000192242,0.1955650000127207,0.059969999995246326,0.25553500000796703,96,82
Q0059,73f124a4-e69e-4b8c-a447-e72d23dc54be,0.010836000001290813,0.2557660000093165,0.01815799998894363,0.2739239999982601,96,82
Q0060,73f124a4-e69e-4b8c-a447-e72d23dc54be,0.01122699998745702,0.19323099999724036,0.01766700000871424,0.2108980000059546,96,82
Q0061,87f05059-de42-4630-a35b-edb53d880640,0.01658499999734886,0.19614600000750215,0.028942999989567397,0.22508899999706955,137,130
Q0062,87f05059-de42-4630-a35b-edb53d880640,0.012588999993567995,0.19519399998557674,0.02328600001533232,0.21848000000090906,137,130
Q0063,87f05059-de42-4630-a35b-edb53d880640,0.011708000016596998,0.24262600001634382,0.023975999994263475,0.2666020000106073,137,130
Q0064,87f05059-de42-4630-a35b-edb53d880640,0.011516999990135446,0.1960259999975733,0.02336499997568353,0.21939099997325684,137,130
Q0065,87f05059-de42-4630-a35b-edb53d880640,0.011668000013287383,0.1945429999921089,0.023415000015347687,0.21795800000745658,137,130
Q0066,87f05059-de42-4630-a35b-edb53d880640,0.011987999982920883,0.19275999997603321,0.0234560000080819,0.21621599998411511,137,130
Q0067,87f05059-de42-4630-a35b-edb53d880640,0.011647000007997121,0.19157900001687267,0.023075000001426815,0.21465400001829948,137,130
Q0068,87f05059-de42-4630-a35b-edb53d880640,0.012478000002147382,0.2669220000086625,0.02360599998496582,0.2905279999936283,137,130
Q0069,87f05059-de42-4630-a35b-edb53d880640,0.012529000002814428,0.19617600000287894,0.023415000015347687,0.21959100001822662,137,130
Q0070,87f05059-de42-4630-a35b-edb53d880640,0.011436999983516216,0.18745200000580553,0.02311500000473643,0.21056700001054196,137,130
Q0071,80f7a79f-61f1-4ec3-a2c7-226611a54044,0.017205999995439925,0.1836779999848659,0.017194999998082494,0.20087299998294839,95,73
Q0072,80f7a79f-61f1-4ec3-a2c7-226611a54044,0.011918000012656194,0.2192009999930633,0.017135999996753526,0.23633699998981683,95,73
Q0073,80f7a79f-61f1-4ec3-a2c7-226611a54044,0.011177000004636284,0.18904500001326596,0.016795999982832654,0.20584099999609862,95,73
Q0074,80f7a79f-61f1-4ec3-a2c7-226611a54044,0.011177000004636284,0.18623100001491366,0.01641500000459928,0.20264600001951294,95,73
Q0075,80f7a79f-61f1-4ec3-a2c7-226611a54044,0.011548000003358538,0.1881440000204293,0.016534999986106413,0.20467900000653572,95,73
Q0076,80f7a79f-61f1-4ec3-a2c7-226611a54044,0.011667000023862784,0.18261499999994157,0.016734999974232778,0.19934999997417435,95,73
Q0077,80f7a79f-61f1-4ec3-a2c7-226611a54044,0.01130700002249796,0.2050299999893923,0.016735000002654488,0.2217649999920468,95,73
Q0078,80f7a79f-61f1-4ec3-a2c7-226611a54044,0.012339000022620894,0.19224999999778447,0.017125999988820695,0.20937599998660517,95,73
Q0079,80f7a79f-61f1-4ec3-a2c7-226611a54044,0.010635999984742739,0.18414799998822673,0.016895000015892947,0.20104300000411968,95,73
Q0080,80f7a79f-61f1-4ec3-a2c7-226611a54044,0.010666000008541232,0.18095300001164105,0.017457000012655044,0.1984100000242961,95,73
Q0081,55de6142-7bb1-47f0-95c3-29fda996ef6b,0.013569999993023885,0.18492899999955625,0.012158000004092173,0.19708700000364843,57,40
Q0082,55de6142-7bb1-47f0-95c3-29fda996ef6b,0.010775999982115536,0.5418279999958031,0.013179999996282277,0.5550079999920854,57,40
Q0083,55de6142-7bb1-47f0-95c3-29fda996ef6b,0.011377000021184358,0.2017140000134532,0.01213900000607282,0.213853000019526,57,40
Q0084,55de6142-7bb1-47f0-95c3-29fda996ef6b,0.010825999993357982,0.1930020000031618,0.012028000014652207,0.20503000001781402,57,40
Q0085,55de6142-7bb1-47f0-95c3-29fda996ef6b,0.010716000019783678,0.18728299997405884,0.011838000006036964,0.1991209999800958,57,40
Q0086,55de6142-7bb1-47f0-95c3-29fda996ef6b,0.009804999990592478,0.21670700002118792,0.0123789999975088,0.22908600001869672,57,40
Q0087,55de6142-7bb1-47f0-95c3-29fda996ef6b,0.01080600000591403,0.1889549999987139,0.012238000010711403,0.2011930000094253,57,40
Q0088,55de6142-7bb1-47f0-95c3-29fda996ef6b,0.010516000003235604,0.1945440000099552,0.011868000001413748,0.20641200001136895,57,40
Q0089,55de6142-7bb1-47f0-95c3-29fda996ef6b,0.01155800001129137,0.1805119999858107,0.011507000010624324,0.192018999996435,57,40
Q0090,55de6142-7bb1-47f0-95c3-29fda996ef6b,0.01006499999789412,0.18556000000558015,0.011688000000731336,0.19724800000631149,57,40
Q0091,3acf9313-1874-4dff-ab2a-3187516d92d6,0.09835800000246309,0.3554059999828496,0.2386400000204958,0.5940460000033454,1751,1637
Q0092,3acf9313-1874-4dff-ab2a-3187516d92d6,0.03844799999797033,0.39075899999829744,0.21286099999429098,0.6036199999925884,1751,1637
Q0093,3acf9313-1874-4dff-ab2a-3187516d92d6,0.03233900000054746,0.29531599997767444,0.211078000006637,0.5063939999843114,1751,1637
Q0094,3acf9313-1874-4dff-ab2a-3187516d92d6,0.03955999997629078,0.31792999999424865,0.2175780000186478,0.5355080000128964,1751,1637
Q0095,3acf9313-1874-4dff-ab2a-3187516d92d6,0.03166699997336764,0.41090999999937594,0.21421299999246912,0.6251229999918451,1751,1637
Q0096,3acf9313-1874-4dff-ab2a-3187516d92d6,0.03993100000343475,0.3095069999972111,0.2666720000092937,0.5761790000065048,1751,1637
Q0097,3acf9313-1874-4dff-ab2a-3187516d92d6,0.03789699999856566,0.2983599999879516,0.2140329999917867,0.5123929999797383,1751,1637
Q0098,3acf9313-1874-4dff-ab2a-3187516d92d6,0.039420000007339695,0.31381399998053894,0.21328100001483108,0.52709499999537,1751,1637
Q0099,3acf9313-1874-4dff-ab2a-3187516d92d6,0.037195999993855366,0.32910699999888493,0.2140629999871635,0.5431699999860484,1751,1637
Q0100,3acf9313-1874-4dff-ab2a-3187516d92d6,0.03704599998854974,0.2969979999818406,0.25764900001945534,0.554647000001296,1751,1637
Q0101,714b9c18-783d-4f52-aa64-cc3a05a286d9,0.028092000007973184,0.23577600001090104,0.07569400000306814,0.3114700000139692,556,547
Q0102,714b9c18-783d-4f52-aa64-cc3a05a286d9,0.018707999998923697,0.22062299998992785,0.07566400000769136,0.2962869999976192,556,547
Q0103,714b9c18-783d-4f52-aa64-cc3a05a286d9,0.01668499999141204,0.25553500000796703,0.09201899999311536,0.3475540000010824,556,547
Q0104,714b9c18-783d-4f52-aa64-cc3a05a286d9,0.016934999990780852,0.22406799999430405,0.07475300000692187,0.2988210000012259,556,547
Q0105,714b9c18-783d-4f52-aa64-cc3a05a286d9,0.016535000014528123,0.2179990000001908,0.07533299998385701,0.2933319999840478,556,547
Q0106,714b9c18-783d-4f52-aa64-cc3a05a286d9,0.016444999999976062,0.2447689999769409,0.0894650000020647,0.3342339999790056,556,547
Q0107,714b9c18-783d-4f52-aa64-cc3a05a286d9,0.018698000019412575,0.23297100000263526,0.07601499999054795,0.3089859999931832,556,547
Q0108,714b9c18-783d-4f52-aa64-cc3a05a286d9,0.016574999989416028,0.21992200001363926,0.07523399997921842,0.2951559999928577,556,547
Q0109,714b9c18-783d-4f52-aa64-cc3a05a286d9,0.01586400000519461,0.26841499999363805,0.07591499999648477,0.3443299999901228,556,547
Q0110,714b9c18-783d-4f52-aa64-cc3a05a286d9,0.015953999991324963,0.2203919999885784,0.23680800001102398,0.45719999999960237,556,547
Q0111,6ec18ddf-e9ee-421a-9033-456f558c7b4b,0.03501300000152696,0.23732799999720555,0.07577499999911197,0.3131029999963175,565,552
Q0112,6ec18ddf-e9ee-421a-9033-456f558c7b4b,0.021512999978767766,0.25550600000201484,0.07558400000107213,0.33109000000308697,565,552
Q0113,6ec18ddf-e9ee-421a-9033-456f558c7b4b,0.01913799999897492,0.23188000000118336,0.07754700001783021,0.3094270000190136,565,552
Q0114,6ec18ddf-e9ee-421a-9033-456f558c7b4b,0.018277999998872474,0.22373800001673771,0.09946000000127242,0.32319800001801013,565,552
Q0115,6ec18ddf-e9ee-421a-9033-456f558c7b4b,0.018787999977121217,0.22572100002093975,0.07657499998003914,0.3022960000009789,565,552
Q0116,6ec18ddf-e9ee-421a-9033-456f558c7b4b,0.01825800001142852,0.21608599999467515,0.07650499998135274,0.2925909999760279,565,552
Q0117,6ec18ddf-e9ee-421a-9033-456f558c7b4b,0.017296000009991985,0.21738800001003256,0.07625499998198393,0.2936429999920165,565,552
Q0118,6ec18ddf-e9ee-421a-9033-456f558c7b4b,0.018337000000201442,0.23046699999440534,0.07760700000858378,0.3080740000029891,565,552
Q0119,6ec18ddf-e9ee-421a-9033-456f558c7b4b,0.01724599999874954,0.22435900001482878,0.07619499999123036,0.30055400000605914,565,552
Q0120,6ec18ddf-e9ee-421a-9033-456f558c7b4b,0.019539000021495667,0.23731799998927272,0.1188999999897078,0.3562179999789805,565,552
Q0121,137acc1b-dbca-473e-84bb-fe1baaf98819,0.019339000004947593,0.21446299999183793,0.04128199998376658,0.2557449999756045,275,268
Q0122,137acc1b-dbca-473e-84bb-fe1baaf98819,0.014231999983849164,0.20961599997804115,0.040401000006795584,0.25001699998483673,275,268
Q0123,137acc1b-dbca-473e-84bb-fe1baaf98819,0.013049999978420601,0.2003120000040326,0.040730999984361915,0.2410429999883945,275,268
Q0124,137acc1b-dbca-473e-84bb-fe1baaf98819,0.014230999994424565,0.2576980000128515,0.040891999987024974,0.29858999999987645,275,268
Q0125,137acc1b-dbca-473e-84bb-fe1baaf98819,0.013009000014108096,0.29275200000711266,0.041151999994326616,0.33390400000143927,275,268
Q0126,137acc1b-dbca-473e-84bb-fe1baaf98819,0.013911000024791065,0.21732799999085728,0.08617000000299413,0.3034979999938514,275,268
Q0127,137acc1b-dbca-473e-84bb-fe1baaf98819,0.01395099999967897,0.2097360000163917,0.1128899999969235,0.3226260000133152,275,268
Q0128,137acc1b-dbca-473e-84bb-fe1baaf98819,0.012818999977071144,0.20852500000501095,0.04046099999754915,0.2489860000025601,275,268
Q0129,137acc1b-dbca-473e-84bb-fe1baaf98819,0.01386099998512691,0.2695570000241787,0.041381999977829764,0.31093900000200847,275,268
Q0130,137acc1b-dbca-473e-84bb-fe1baaf98819,0.013489999986404655,0.2068219999955545,0.040831999996271406,0.2476539999918259,275,268
Q0131,13a3a783-ecc5-4ec5-b3dc-168b15cebb88,0.027121000016450125,0.2334419999954207,0.0699450000070101,0.3033870000024308,494,490
Q0132,13a3a783-ecc5-4ec5-b3dc-168b15cebb88,0.0172660000146152,0.25396400002364317,0.06911399998443812,0.3230780000080813,494,490
Q0133,13a3a783-ecc5-4ec5-b3dc-168b15cebb88,0.017536999990852564,0.22433800000953852,0.06865399998901012,0.29299199999854864,494,490
Q0134,13a3a783-ecc5-4ec5-b3dc-168b15cebb88,0.016393999999309017,0.21921000001157154,0.0687539999830733,0.28796399999464484,494,490
Q0135,13a3a783-ecc5-4ec5-b3dc-168b15cebb88,0.0197990000003756,0.2700170000196067,0.06905399999368456,0.33907100001329127,494,490
Q0136,13a3a783-ecc5-4ec5-b3dc-168b15cebb88,0.017976999998836618,0.2431869999952596,0.06876399999100613,0.31195099998626574,494,490
Q0137,13a3a783-ecc5-4ec5-b3dc-168b15cebb88,0.02013099998521284,0.3460419999896658,0.06962500000895488,0.41566699999862067,494,490
Q0138,13a3a783-ecc5-4ec5-b3dc-168b15cebb88,0.019470000012233868,0.2555650000033438,0.06967599998120022,0.32524099998454403,494,490
Q0139,13a3a783-ecc5-4ec5-b3dc-168b15cebb88,0.018468000007487717,0.25501499999336374,0.07127700001774429,0.32629200001110803,494,490
Q0140,13a3a783-ecc5-4ec5-b3dc-168b15cebb88,0.01783700000146382,0.2341030000252431,0.11546399997541812,0.3495670000006612,494,490
Q0141,80427c8e-15ba-482f-b168-fc4f1d375179,0.019830000013598692,0.21239000000150554,0.04125300000623611,0.25364300000774165,283,251
Q0142,80427c8e-15ba-482f-b168-fc4f1d375179,0.01501200000575409,0.20892599999911,0.04133200002343074,0.2502580000225407,283,251
Q0143,80427c8e-15ba-482f-b168-fc4f1d375179,0.01461200000107965,0.22024300000111907,0.04121200001350189,0.26145500001462096,283,251
Q0144,80427c8e-15ba-482f-b168-fc4f1d375179,0.013651000017489423,0.23770899997543893,0.04137199999831864,0.27908099997375757,283,251
Q0145,80427c8e-15ba-482f-b168-fc4f1d375179,0.013741000003619774,0.20793400000229667,0.040721000004850794,0.24865500000714746,283,251
Q0146,80427c8e-15ba-482f-b168-fc4f1d375179,0.013179999996282277,0.2105780000078994,0.04210400001625203,0.2526820000241514,283,251
Q0147,80427c8e-15ba-482f-b168-fc4f1d375179,0.014903000021604385,0.2491959999986193,0.04150200001618032,0.2906980000147996,283,251
Q0148,80427c8e-15ba-482f-b168-fc4f1d375179,0.01404199997523392,0.2179290000015044,0.04137199999831864,0.25930099999982303,283,251
Q0149,80427c8e-15ba-482f-b168-fc4f1d375179,0.013240000015457554,0.20718299998634393,0.04109200000357305,0.24827499998991698,283,251
Q0150,80427c8e-15ba-482f-b168-fc4f1d375179,0.012749999996231054,0.20137399999953232,0.06302500000288092,0.26439900000241323,283,251
Q0151,a7f102bb-e1ba-4417-a0c5-75dec6473034,0.04602900000350019,0.3269229999887102,0.03233900000054746,0.3592619999892577,206,201
Q0152,a7f102bb-e1ba-4417-a0c5-75dec6473034,0.014962000022933353,0.2038279999965198,0.03244900000254347,0.23627699999906326,206,201
Q0153,a7f102bb-e1ba-4417-a0c5-75dec6473034,0.013100000018084756,0.1976780000063627,0.03154800000970681,0.22922600001606952,206,201
Q0154,a7f102bb-e1ba-4417-a0c5-75dec6473034,0.013100000018084756,0.2743439999903785,0.03315999998676489,0.3075039999771434,206,201
Q0155,a7f102bb-e1ba-4417-a0c5-75dec6473034,0.013561000002937362,0.20834400001490394,0.0327789999801098,0.24112299999501374,206,201
Q0156,a7f102bb-e1ba-4417-a0c5-75dec6473034,0.01379100001486222,0.1942629999973633,0.032228999998551444,0.22649199999591474,206,201
Q0157,a7f102bb-e1ba-4417-a0c5-75dec6473034,0.012779000002183238,0.1908880000200952,0.03150799997797549,0.2223959999980707,206,201
Q0158,a7f102bb-e1ba-4417-a0c5-75dec6473034,0.014251999999714826,0.2833069999894633,0.03286000000457534,0.31616699999403863,206,201
Q0159,a7f102bb-e1ba-4417-a0c5-75dec6473034,0.013219999999591892,0.20114299999818286,0.03185799999982919,0.23300099999801205,206,201
Q0160,a7f102bb-e1ba-4417-a0c5-75dec6473034,0.011848000013969795,0.19192999999972926,0.03202799999257877,0.22395799999230803,206,201
Q0161,cd1d1f54-e4ea-458e-a264-b3e9c57d902e,0.018186999994895814,0.2022449999969922,0.05537399999866466,0.25761899999565685,156,141
Q0162,cd1d1f54-e4ea-458e-a264-b3e9c57d902e,0.013440000003583918,0.22985700002209342,0.02551899999048146,0.2553760000125749,156,141
Q0163,cd1d1f54-e4ea-458e-a264-b3e9c57d902e,0.013731000024108653,0.19607499999096945,0.02550900001097034,0.22158400000193978,156,141
Q0164,cd1d1f54-e4ea-458e-a264-b3e9c57d902e,0.012988999998242434,0.20642100000145547,0.025457999981881585,0.23187899998333705,156,141
Q0165,cd1d1f54-e4ea-458e-a264-b3e9c57d902e,0.012980000008155912,0.1969770000016524,0.05042600000138009,0.2474030000030325,156,141
Q0166,cd1d1f54-e4ea-458e-a264-b3e9c57d902e,0.034953000010773394,0.20102300001667572,0.024908000000323227,0.22593100001699895,156,141
Q0167,cd1d1f54-e4ea-458e-a264-b3e9c57d902e,0.014041000014231031,0.21285100001477986,0.026069999989886128,0.23892100000466598,156,141
Q0168,cd1d1f54-e4ea-458e-a264-b3e9c57d902e,0.013980999995055754,0.19921000000522326,0.025458000010303294,0.22466800001552656,156,141
Q0169,cd1d1f54-e4ea-458e-a264-b3e9c57d902e,0.012850000018715946,0.2181790000008732,0.025308000004997666,0.24348700000587087,156,141
Q0170,cd1d1f54-e4ea-458e-a264-b3e9c57d902e,0.014200999999047781,0.21484399999849302,0.02599900000177513,0.24084300000026815,156,141
Q0171,5cb510f1-244d-4f02-a82b-3631e998fad1,0.029564000016080172,0.220502999979999,0.06602000001976194,0.28652299999976094,450,444
Q0172,5cb510f1-244d-4f02-a82b-3631e998fad1,0.017967000019325496,0.2530620000129602,0.06429699999443983,0.3173590000074,450,444
Q0173,5cb510f1-244d-4f02-a82b-3631e998fad1,0.016986000019869607,0.22826399998621127,0.06381700001156787,0.29208099999777914,450,444
Q0174,5cb510f1-244d-4f02-a82b-3631e998fad1,0.016544999994039244,0.22544999998785897,0.0642470000116191,0.28969699999947807,450,444
Q0175,5cb510f1-244d-4f02-a82b-3631e998fad1,0.01641500000459928,0.24632200000951343,0.06385599999703118,0.3101780000065446,450,444
Q0176,5cb510f1-244d-4f02-a82b-3631e998fad1,0.017807000006087037,0.23279100000195285,0.06316500000025371,0.29595600000220657,450,444
Q0177,5cb510f1-244d-4f02-a82b-3631e998fad1,0.017476000010674397,0.22540000000503824,0.06387700000232144,0.2892770000073597,450,444
Q0178,5cb510f1-244d-4f02-a82b-3631e998fad1,0.01569399998402332,0.2511689999948885,0.06356599999435275,0.31473499998924126,450,444
Q0179,5cb510f1-244d-4f02-a82b-3631e998fad1,0.017024999976911204,0.22694300000125622,0.06292499998039602,0.28986799998165225,450,444
Q0180,5cb510f1-244d-4f02-a82b-3631e998fad1,0.016475000023774555,0.2173679999941669,0.06402599998978076,0.28139399998394765,450,444
Q0181,3b46f9a9-3447-441d-abd4-4f8e46f9e0c2,0.0275710000039453,0.24166399998648558,0.047602000023516666,0.28926600001000224,337,315
Q0182,3b46f9a9-3447-441d-abd4-4f8e46f9e0c2,0.01700600000731356,0.20471900000984533,0.04728100000761515,0.2520000000174605,337,315
Q0183,3b46f9a9-3447-441d-abd4-4f8e46f9e0c2,0.015362999988610682,0.20591000000536042,0.04731199999241653,0.25322199999777695,337,315
Q0184,3b46f9a9-3447-441d-abd4-4f8e46f9e0c2,0.015153000020973195,0.20079300000475087,0.04773200001295663,0.2485250000177075,337,315
Q0185,3b46f9a9-3447-441d-abd4-4f8e46f9e0c2,0.014562000018258914,0.23686800000177755,0.04737100002216721,0.28423900002394475,337,315
Q0186,3b46f9a9-3447-441d-abd4-4f8e46f9e0c2,0.015883999992638564,0.2089649999845733,0.04721100000892875,0.25617599999350205,337,315
Q0187,3b46f9a9-3447-441d-abd4-4f8e46f9e0c2,0.015393000012409175,0.20250599999371843,0.04707099998313424,0.24957699997685268,337,315
Q0188,3b46f9a9-3447-441d-abd4-4f8e46f9e0c2,0.015213000011726763,0.20406800001637748,0.04729099998712627,0.25135900000350375,337,315
Q0189,3b46f9a9-3447-441d-abd4-4f8e46f9e0c2,0.03351099999804319,0.2169470000126239,0.04736200000365898,0.2643090000162829,337,315
Q0190,3b46f9a9-3447-441d-abd4-4f8e46f9e0c2,0.014953000004425121,0.20995700000980833,0.04670999999234482,0.25666700000215315,337,315
Q0191,ca3330c5-bbbc-47e7-addb-302f2e069986,0.0208909999912521,0.19904100000189828,0.029343999983666436,0.22838499998556472,182,177
Q0192,ca3330c5-bbbc-47e7-addb-302f2e069986,0.015163000000484317,0.2329120000013063,0.048483000000487664,0.28139500000179396,182,177
Q0193,ca3330c5-bbbc-47e7-addb-302f2e069986,0.014141000008294213,0.23286199999006385,0.029905000019425643,0.2627670000094895,182,177
Q0194,ca3330c5-bbbc-47e7-addb-302f2e069986,0.013641000009556592,0.1940530000013041,0.029343999983666436,0.22339699998497053,182,177
Q0195,ca3330c5-bbbc-47e7-addb-302f2e069986,0.013159999980416615,0.19587500000284308,0.029275000002826346,0.22515000000566943,182,177
Q0196,ca3330c5-bbbc-47e7-addb-302f2e069986,0.013770999998996558,0.20267599998646801,0.02980499999694075,0.23248099998340876,182,177
Q0197,ca3330c5-bbbc-47e7-addb-302f2e069986,0.012978999990309603,0.21854900001017086,0.03044599998247577,0.24899499999264663,182,177
Q0198,ca3330c5-bbbc-47e7-addb-302f2e069986,0.01262899999687761,0.22266600001330517,0.029355000009445575,0.25202100002275074,182,177
Q0199,ca3330c5-bbbc-47e7-addb-302f2e069986,0.012939000015421698,0.19481399999676796,0.02938400001539776,0.22419800001216572,182,177
Q0200,ca3330c5-bbbc-47e7-addb-302f2e069986,0.013280999979770058,0.19481399999676796,0.02912299999024981,0.22393699998701777,182,177
Q0201,b1b10f6e-e97a-426a-9581-f1a5c29b6e05,0.019699999995737016,0.1983089999839649,0.033129999991388104,0.231438999975353,203,197
Q0202,b1b10f6e-e97a-426a-9581-f1a5c29b6e05,0.014871999979959583,0.2622460000054616,0.033631000007972034,0.29587700001343364,203,197
Q0203,b1b10f6e-e97a-426a-9581-f1a5c29b6e05,0.013000000024021574,0.19620600002667743,0.03278899998804263,0.22899500001472006,203,197
Q0204,b1b10f6e-e97a-426a-9581-f1a5c29b6e05,0.01370100000031016,0.22508000000698303,0.032959000009213923,0.25803900001619695,203,197
Q0205,b1b10f6e-e97a-426a-9581-f1a5c29b6e05,0.012850000018715946,0.20800400000098307,0.0331999999900745,0.24120399999105757,203,197
Q0206,b1b10f6e-e97a-426a-9581-f1a5c29b6e05,0.014050999993742153,0.19780799999580267,0.05670600000939885,0.2545140000052015,203,197
Q0207,b1b10f6e-e97a-426a-9581-f1a5c29b6e05,0.012438000027259477,0.22562999998854139,0.03284999999664251,0.2584799999851839,203,197
Q0208,b1b10f6e-e97a-426a-9581-f1a5c29b6e05,0.013009999975110986,0.1973979999831954,0.03261899999529305,0.23001699997848846,203,197
Q0209,b1b10f6e-e97a-426a-9581-f1a5c29b6e05,0.012980000008155912,0.1964770000029148,0.03299900001252354,0.22947600001543833,203,197
Q0210,b1b10f6e-e97a-426a-9581-f1a5c29b6e05,0.01305000000684231,0.19814899999914815,0.032970000006571354,0.2311190000057195,203,197
Q0211,df7c1d66-eac2-49bd-9d12-ee17e8758f68,0.03184799999189636,0.2384389999861014,0.0493750000032378,0.2878139999893392,331,306
Q0212,df7c1d66-eac2-49bd-9d12-ee17e8758f68,0.02582900000902555,0.21528499999590167,0.048001999999769396,0.26328699999567107,331,306
Q0213,df7c1d66-eac2-49bd-9d12-ee17e8758f68,0.0202209999997649,0.2031260000023849,0.0472319999857973,0.2503579999881822,331,306
Q0214,df7c1d66-eac2-49bd-9d12-ee17e8758f68,0.01651500002708417,0.2007329999855756,0.047432000002345376,0.24816499998792096,331,306
Q0215,df7c1d66-eac2-49bd-9d12-ee17e8758f68,0.017034999984844035,0.2631270000108543,0.04764199999840457,0.3107690000092589,331,306
Q0216,df7c1d66-eac2-49bd-9d12-ee17e8758f68,0.016946000016559992,0.20784299999832,0.04720199999042052,0.25504499998874053,331,306
Q0217,df7c1d66-eac2-49bd-9d12-ee17e8758f68,0.01643499999204323,0.20348700002159603,0.04829299999187242,0.25178000001346845,331,306
Q0218,df7c1d66-eac2-49bd-9d12-ee17e8758f68,0.016805000001340886,0.2027760000089529,0.04755199998385251,0.2503279999928054,331,306
Q0219,df7c1d66-eac2-49bd-9d12-ee17e8758f68,0.016444999999976062,0.23361299997759488,0.04707100001155595,0.28068399998915083,331,306
Q0220,df7c1d66-eac2-49bd-9d12-ee17e8758f68,0.016574999989416028,0.20866400001295915,0.04796299998588438,0.25662699999884353,331,306
Q0221,9ab883b3-d1dd-4120-b19c-e78d3ea8c25c,0.022393999984160473,0.2034069999865551,0.03071599999771024,0.23412299998426533,196,183
Q0222,9ab883b3-d1dd-4120-b19c-e78d3ea8c25c,0.014832999994496276,0.19958100000394552,0.03046599999834143,0.23004700000228695,196,183
Q0223,9ab883b3-d1dd-4120-b19c-e78d3ea8c25c,0.014571999997770035,0.21808899998632114,0.031406999994487705,0.24949599998080885,196,183
Q0224,9ab883b3-d1dd-4120-b19c-e78d3ea8c25c,0.01593400000388101,0.20371700000509918,0.0304559999904086,0.23417299999550778,196,183
Q0225,9ab883b3-d1dd-4120-b19c-e78d3ea8c25c,0.014230999994424565,0.1970769999957156,0.029855000008183197,0.2269320000038988,196,183
Q0226,9ab883b3-d1dd-4120-b19c-e78d3ea8c25c,0.013550999995004531,0.19408200000725628,0.03011599997648773,0.224197999983744,196,183
Q0227,9ab883b3-d1dd-4120-b19c-e78d3ea8c25c,0.013390000020763182,0.19019699999489603,0.030176000024084715,0.22037300001898075,196,183
Q0228,9ab883b3-d1dd-4120-b19c-e78d3ea8c25c,0.013459999991027871,0.25554600000532446,0.030656000006956674,0.28620200001228113,196,183
Q0229,9ab883b3-d1dd-4120-b19c-e78d3ea8c25c,0.014251999999714826,0.2010830000074293,0.030336000008901465,0.23141900001633076,196,183
Q0230,9ab883b3-d1dd-4120-b19c-e78d3ea8c25c,0.014090999997051767,0.1926500000024589,0.0304559999904086,0.2231059999928675,196,183
Q0231,2a6d1e58-88eb-4be0-b6b4-59a471257c2e,0.016224999995984035,0.19184900000368543,0.031167000003051726,0.22301600000673716,201,167
Q0232,2a6d1e58-88eb-4be0-b6b4-59a471257c2e,0.012007999998786545,0.21763800000940137,0.031146999987186064,0.24878499999658743,201,167
Q0233,2a6d1e58-88eb-4be0-b6b4-59a471257c2e,0.012750000024652763,0.1945429999921089,0.029905000019425643,0.22444800001153453,201,167
Q0234,2a6d1e58-88eb-4be0-b6b4-59a471257c2e,0.01229800000146497,0.19674700001814927,0.030676999983825226,0.2274240000019745,201,167
Q0235,2a6d1e58-88eb-4be0-b6b4-59a471257c2e,0.01180800001066018,0.1920800000050349,0.030105999996976607,0.2221860000020115,201,167
Q0236,2a6d1e58-88eb-4be0-b6b4-59a471257c2e,0.011427000004005095,0.18953599999349535,0.030406000007587863,0.21994200000108322,201,167
Q0237,2a6d1e58-88eb-4be0-b6b4-59a471257c2e,0.01164799999742172,0.2148339999905602,0.030166000016151884,0.24500000000671207,201,167
Q0238,2a6d1e58-88eb-4be0-b6b4-59a471257c2e,0.012258999987579955,0.19829900000445377,0.02980499999694075,0.22810400000139452,201,167
Q0239,2a6d1e58-88eb-4be0-b6b4-59a471257c2e,0.011357000005318696,0.1910580000128448,0.030315999993035803,0.2213740000058806,201,167
Q0240,2a6d1e58-88eb-4be0-b6b4-59a471257c2e,0.012068000017961822,0.1913080000122136,0.029936000004227026,0.22124400001644062,201,167
Q0241,09cbb3f1-c2ed-426c-8c53-ffda77efcb08,0.01668499999141204,0.22062200000050325,0.022825000002058005,0.24344700000256125,131,130
Q0242,09cbb3f1-c2ed-426c-8c53-ffda77efcb08,0.012730000008787101,0.2638579999825197,0.022594000000708547,0.28645199998322823,131,130
Q0243,09cbb3f1-c2ed-426c-8c53-ffda77efcb08,0.012729999980365392,0.1993310000045767,0.022392999994735874,0.22172399999931258,131,130
Q0244,09cbb3f1-c2ed-426c-8c53-ffda77efcb08,0.012838999992936806,0.19212999998785563,0.02244399999540292,0.21457399998325855,131,130
Q0245,09cbb3f1-c2ed-426c-8c53-ffda77efcb08,0.012808999997560022,0.1967569999976604,0.02219399999603411,0.2189509999936945,131,130
Q0246,09cbb3f1-c2ed-426c-8c53-ffda77efcb08,0.011607999994112106,0.18988599998692735,0.04423699999733799,0.23412299998426533,131,130
Q0247,09cbb3f1-c2ed-426c-8c53-ffda77efcb08,0.011697000019239567,0.21879000001945315,0.022083999994038095,0.24087400001349124,131,130
Q0248,09cbb3f1-c2ed-426c-8c53-ffda77efcb08,0.012998999977753556,0.19230999998853804,0.022964000010006203,0.21527399999854424,131,130
Q0249,09cbb3f1-c2ed-426c-8c53-ffda77efcb08,0.01204800000209616,0.19124799999303832,0.02237399999671652,0.21362199998975484,131,130
Q0250,09cbb3f1-c2ed-426c-8c53-ffda77efcb08,0.011737999983552072,0.19012699999620963,0.022182999998676678,0.2123099999948863,131,130
Q0251,ca8803ac-66ef-4895-a8c4-290313fcee6f,0.02632999999718777,0.2594919999978629,0.039259000004676636,0.2987510000025395,227,198
Q0252,ca8803ac-66ef-4895-a8c4-290313fcee6f,0.015563000005158756,0.20096299999750045,0.03417199999944387,0.23513499999694432,227,198
Q0253,ca8803ac-66ef-4895-a8c4-290313fcee6f,0.01295999999229025,0.19836900000314017,0.03382100001658728,0.23219000001972745,227,198
Q0254,ca8803ac-66ef-4895-a8c4-290313fcee6f,0.013550000005579932,0.19667699999104116,0.033790999992788784,0.23046799998382994,227,198
Q0255,ca8803ac-66ef-4895-a8c4-290313fcee6f,0.014402000005020454,0.22198499999603882,0.03452199999287586,0.2565069999889147,227,198
Q0256,ca8803ac-66ef-4895-a8c4-290313fcee6f,0.014681999999766049,0.20180399999958354,0.034532000000808694,0.23633600000039223,227,198
Q0257,ca8803ac-66ef-4895-a8c4-290313fcee6f,0.013680999984444497,0.195564999984299,0.034051000000090426,0.22961599998438942,227,198
Q0258,ca8803ac-66ef-4895-a8c4-290313fcee6f,0.013680999984444497,0.19622599998569967,0.03419100002588493,0.2304170000115846,227,198
Q0259,ca8803ac-66ef-4895-a8c4-290313fcee6f,0.013840999997682957,0.1965860000154862,0.03359100000466242,0.23017700002014863,227,198
Q0260,ca8803ac-66ef-4895-a8c4-290313fcee6f,0.013109999997595878,0.22568099998920843,0.03373999999212174,0.25942099998133017,227,198
Q0261,c9942738-49f3-4459-818f-8da20072ff76,0.015472999990606695,0.19547499999816864,0.022634000004018162,0.2181090000021868,130,123
Q0262,c9942738-49f3-4459-818f-8da20072ff76,0.011788000023216227,0.19376299999862567,0.02237300000729192,0.2161360000059176,130,123
Q0263,c9942738-49f3-4459-818f-8da20072ff76,0.011247000003322682,0.18594099998381353,0.021932999999307867,0.2078739999831214,130,123
Q0264,c9942738-49f3-4459-818f-8da20072ff76,0.011628000009977768,0.22621100001174455,0.03989100000012513,0.2661020000118697,130,123
Q0265,c9942738-49f3-4459-818f-8da20072ff76,0.011317000002009081,0.22827500001199041,0.021973000002617482,0.2502480000146079,130,123
Q0266,c9942738-49f3-4459-818f-8da20072ff76,0.011145999991413191,0.19108799997979986,0.022142999995367063,0.21323099997516692,130,123
Q0267,c9942738-49f3-4459-818f-8da20072ff76,0.011376999992762649,0.19073799998636787,0.022002999997994266,0.21274099998436213,130,123
Q0268,c9942738-49f3-4459-818f-8da20072ff76,0.01139700000862831,0.19369200001051468,0.022433999987470088,0.21612599999798476,130,123
Q0269,c9942738-49f3-4459-818f-8da20072ff76,0.011817999990171302,0.18929600000205937,0.044686999984833164,0.23398299998689254,130,123
Q0270,c9942738-49f3-4459-818f-8da20072ff76,0.011878000009346579,0.23538499999631313,0.022223999991410892,0.257608999987724,130,123
Q0271,668ad49e-46d7-45ec-a4b4-dab0961d180b,0.019679000018868464,0.20427799998401497,0.03563399999961803,0.239911999983633,236,225
Q0272,668ad49e-46d7-45ec-a4b4-dab0961d180b,0.013800999994373342,0.20008199999210774,0.0354130000062014,0.23549499999830914,236,225
Q0273,668ad49e-46d7-45ec-a4b4-dab0961d180b,0.012749000006806455,0.19610500001476794,0.03493299999490773,0.23103800000967567,236,225
Q0274,668ad49e-46d7-45ec-a4b4-dab0961d180b,0.031898000003138804,0.22001199999976961,0.0359740000135389,0.2559860000133085,236,225
Q0275,668ad49e-46d7-45ec-a4b4-dab0961d180b,0.01279999997905179,0.20698200000879297,0.03501300000152696,0.24199500001031993,236,225
Q0276,668ad49e-46d7-45ec-a4b4-dab0961d180b,0.012248000018644234,0.19491399999083114,0.03530300000420539,0.23021699999503653,236,225
Q0277,668ad49e-46d7-45ec-a4b4-dab0961d180b,0.012109000010696036,0.19348199998603377,0.06475700001828955,0.2582390000043233,236,225
Q0278,668ad49e-46d7-45ec-a4b4-dab0961d180b,0.012850000018715946,0.23269100000788967,0.03473199998893506,0.26742299999682473,236,225
Q0279,668ad49e-46d7-45ec-a4b4-dab0961d180b,0.013029000001552049,0.19750799998519142,0.034862000006796734,0.23236999999198815,236,225
Q0280,668ad49e-46d7-45ec-a4b4-dab0961d180b,0.013320000022076783,0.19544500000279186,0.03630500000895154,0.2317500000117434,236,225
Q0281,be8fc232-6d5c-4d97-9a1b-f9b17e06c3ff,0.017056000018556006,0.20253600001751693,0.032468999989987424,0.23500500000750435,208,175
Q0282,be8fc232-6d5c-4d97-9a1b-f9b17e06c3ff,0.014150999987805335,0.2252499999997326,0.03168800000707961,0.2569380000068122,208,175
Q0283,be8fc232-6d5c-4d97-9a1b-f9b17e06c3ff,0.011957999987544099,0.19432299998811686,0.03193800000644842,0.22626099999456528,208,175
Q0284,be8fc232-6d5c-4d97-9a1b-f9b17e06c3ff,0.012738999998873624,0.19725800001424432,0.031216999985872462,0.22847500000011678,208,175
Q0285,be8fc232-6d5c-4d97-9a1b-f9b17e06c3ff,0.012279000003445617,0.19421300001454256,0.03036599997585654,0.2245789999903991,208,175
Q0286,be8fc232-6d5c-4d97-9a1b-f9b17e06c3ff,0.011747999991484903,0.20086300000343726,0.03103700001361176,0.23190000001704902,208,175
Q0287,be8fc232-6d5c-4d97-9a1b-f9b17e06c3ff,0.013019000022040927,0.23318099999869446,0.03146800000308758,0.26464900000178204,208,175
Q0288,be8fc232-6d5c-4d97-9a1b-f9b17e06c3ff,0.013069999994286263,0.19603500001608154,0.03128799997398346,0.227322999990065,208,175
Q0289,be8fc232-6d5c-4d97-9a1b-f9b17e06c3ff,0.013219999999591892,0.195214999990867,0.030726000005643073,0.22594099999651007,208,175
Q0290,be8fc232-6d5c-4d97-9a1b-f9b17e06c3ff,0.012507999997524166,0.19594599999095408,0.03242899998667781,0.2283749999776319,208,175
Q0291,0b48619e-1602-488c-a23b-3d4937153dff,0.02599900000177513,0.2337230000080126,0.033229999985451286,0.2669529999934639,206,199
Q0292,0b48619e-1602-488c-a23b-3d4937153dff,0.01619500000060725,0.19792899999515612,0.03277900000853151,0.23070800000368763,206,199
Q0293,0b48619e-1602-488c-a23b-3d4937153dff,0.015152999992551486,0.19316200001640027,0.032808999975486586,0.22597099999188686,206,199
Q0294,0b48619e-1602-488c-a23b-3d4937153dff,0.014671999991833218,0.19766799999842988,0.033049999984768874,0.23071799998319875,206,199
Q0295,0b48619e-1602-488c-a23b-3d4937153dff,0.013631000001623761,0.19719800002349075,0.05530299998213195,0.2525010000056227,206,199
Q0296,0b48619e-1602-488c-a23b-3d4937153dff,0.014211999996405211,0.22796400000402173,0.03293899999334826,0.26090299999737,206,199
Q0297,0b48619e-1602-488c-a23b-3d4937153dff,0.014412000012953285,0.2028459999792176,0.032660000016448976,0.23550599999566657,206,199
Q0298,0b48619e-1602-488c-a23b-3d4937153dff,0.013831000018171835,0.19443300001853459,0.03261899999529305,0.22705200001382764,206,199
Q0299,0b48619e-1602-488c-a23b-3d4937153dff,0.013991000002988585,0.1934219999952802,0.03208799998333234,0.22550999997861254,206,199
Q0300,0b48619e-1602-488c-a23b-3d4937153dff,0.013921000004302186,0.2620660000047792,0.03375099998947917,0.29581699999425837,206,199
Q0301,81e21b21-8b49-4ac1-b00d-46a7f43e46a9,0.018838000016785372,0.19431300000860574,0.021994000007907744,0.21630700001651348,132,124
Q0302,81e21b21-8b49-4ac1-b00d-46a7f43e46a9,0.011997999990853714,0.18908500001657558,0.022563999976910054,0.21164899999348563,132,124
Q0303,81e21b21-8b49-4ac1-b00d-46a7f43e46a9,0.012198000007401788,0.18655200000239347,0.02202299998543822,0.2085749999878317,132,124
Q0304,81e21b21-8b49-4ac1-b00d-46a7f43e46a9,0.012698999995564009,0.19441300000266892,0.02221399998347806,0.21662699998614698,132,124
Q0305,81e21b21-8b49-4ac1-b00d-46a7f43e46a9,0.012819000005492853,0.22747300002379234,0.022072999996680664,0.249546000020473,132,124
Q0306,81e21b21-8b49-4ac1-b00d-46a7f43e46a9,0.011688000000731336,0.19404200000394667,0.022394000012582183,0.21643600001652885,132,124
Q0307,81e21b21-8b49-4ac1-b00d-46a7f43e46a9,0.012698999995564009,0.19839899999851696,0.02186300000062147,0.22026199999913842,132,124
Q0308,81e21b21-8b49-4ac1-b00d-46a7f43e46a9,0.012007999998786545,0.19310099997937868,0.02205399999866131,0.21515499997804,132,124
Q0309,81e21b21-8b49-4ac1-b00d-46a7f43e46a9,0.012257999998155356,0.18852499999866268,0.022103000020479158,0.21062800001914184,132,124
Q0310,81e21b21-8b49-4ac1-b00d-46a7f43e46a9,0.012497999989591335,0.22150399999532056,0.02229300000067269,0.24379699999599325,132,124
Q0311,99070f34-0b6f-4e84-97ea-cfc44ffaf5e8,0.021401999987347153,0.19709700001158126,0.026770999994596423,0.22386800000617768,170,151
Q0312,99070f34-0b6f-4e84-97ea-cfc44ffaf5e8,0.013320000022076783,0.1945429999921089,0.026550000001179797,0.22109299999328869,170,151
Q0313,99070f34-0b6f-4e84-97ea-cfc44ffaf5e8,0.013339999981099027,0.18918600000006336,0.026118999983282265,0.21530499998334562,170,151
Q0314,99070f34-0b6f-4e84-97ea-cfc44ffaf5e8,0.014511000017591869,0.22182400002179747,0.026950999995278835,0.2487750000170763,170,151
Q0315,99070f34-0b6f-4e84-97ea-cfc44ffaf5e8,0.014311000001043794,0.1976690000162762,0.026609999991933364,0.22427900000820955,170,151
Q0316,99070f34-0b6f-4e84-97ea-cfc44ffaf5e8,0.013590999998314146,0.19555500000478787,0.026589999976067702,0.22214499998085557,170,151
Q0317,99070f34-0b6f-4e84-97ea-cfc44ffaf5e8,0.013980999995055754,0.19005699999752323,0.02624999999056854,0.21630699998809177,170,151
Q0318,99070f34-0b6f-4e84-97ea-cfc44ffaf5e8,0.013891000008925403,0.1921189999904982,0.026791000010462085,0.21891000000096028,170,151
Q0319,99070f34-0b6f-4e84-97ea-cfc44ffaf5e8,0.012449000024616907,0.2146939999931874,0.026861000009148484,0.24155500000233587,170,151
Q0320,99070f34-0b6f-4e84-97ea-cfc44ffaf5e8,0.014412000012953285,0.19904000001247368,0.02692099999990205,0.22596100001237573,170,151
Q0321,0c1606c8-637e-4ed3-baf4-67390d8f3956,0.018777999997610095,0.1920889999951214,0.027011000014454112,0.21910000000957552,170,158
Q0322,0c1606c8-637e-4ed3-baf4-67390d8f3956,0.014591999985213988,0.19157899998845096,0.02740200000062032,0.21898099998907128,170,158
Q0323,0c1606c8-637e-4ed3-baf4-67390d8f3956,0.012689999977055777,0.22146400002043265,0.027670999998008483,0.24913500001844113,170,158
Q0324,0c1606c8-637e-4ed3-baf4-67390d8f3956,0.014050999993742153,0.2219050000178413,0.027211000002580477,0.24911600002042178,170,158
Q0325,0c1606c8-637e-4ed3-baf4-67390d8f3956,0.013921000004302186,0.19501500000274063,0.027020000004540634,0.22203500000728127,170,158
Q0326,0c1606c8-637e-4ed3-baf4-67390d8f3956,0.012098000013338606,0.19464400000401838,0.027300999988710828,0.2219449999927292,170,158
Q0327,0c1606c8-637e-4ed3-baf4-67390d8f3956,0.014381999989154792,0.19435300001191536,0.02716099999133803,0.2215140000032534,170,158
Q0328,0c1606c8-637e-4ed3-baf4-67390d8f3956,0.013179999996282277,0.19311200000515782,0.049654000008558796,0.24276600001371662,170,158
Q0329,0c1606c8-637e-4ed3-baf4-67390d8f3956,0.01328999999827829,0.22561999998060855,0.02723100001844614,0.2528509999990547,170,158
Q0330,0c1606c8-637e-4ed3-baf4-67390d8f3956,0.014963000012357952,0.20144399999821871,0.027430999978150794,0.2288749999763695,170,158
Q0331,d011ac4d-34e9-4887-a0bf-cf7b8a6f4abb,0.01569399998402332,0.1956349999829854,0.017847000009396652,0.21348199999238204,90,82
Q0332,d011ac4d-34e9-4887-a0bf-cf7b8a6f4abb,0.011376999992762649,0.18694199999913508,0.01767700001664707,0.20461900001578215,90,82
Q0333,d011ac4d-34e9-4887-a0bf-cf7b8a6f4abb,0.011137000001326669,0.2544040000032055,0.01759700001002784,0.27200100001323335,90,82
Q0334,d011ac4d-34e9-4887-a0bf-cf7b8a6f4abb,0.011848000013969795,0.19547499999816864,0.01798699997834774,0.21346199997651638,90,82
Q0335,d011ac4d-34e9-4887-a0bf-cf7b8a6f4abb,0.010876000004600428,0.18994699999552722,0.017025000005332913,0.20697200000086013,90,82
Q0336,d011ac4d-34e9-4887-a0bf-cf7b8a6f4abb,0.010786000018470077,0.18419799999946918,0.01717600000006314,0.20137399999953232,90,82
Q0337,d011ac4d-34e9-4887-a0bf-cf7b8a6f4abb,0.011116999985461007,0.1933819999919706,0.01724600002717125,0.21062800001914184,90,82
Q0338,d011ac4d-34e9-4887-a0bf-cf7b8a6f4abb,0.010776000010537246,0.20860500001163018,0.017786999990221375,0.22639200000185156,90,82
Q0339,d011ac4d-34e9-4887-a0bf-cf7b8a6f4abb,0.011607999994112106,0.19341200001576908,0.01699499998153442,0.2104069999973035,90,82
Q0340,d011ac4d-34e9-4887-a0bf-cf7b8a6f4abb,0.010706000011850847,0.1905369999803952,0.01765700000078141,0.2081939999811766,90,82
Q0341,058590f8-c0f3-40c1-ac80-246437499d5d,0.019039000022758046,0.1933820000203923,0.025237999977889558,0.21861999999828186,160,145
Q0342,058590f8-c0f3-40c1-ac80-246437499d5d,0.014070999981186105,0.18630100001360006,0.025607999987187213,0.21190900000078727,160,145
Q0343,058590f8-c0f3-40c1-ac80-246437499d5d,0.012588999993567995,0.24647200001481906,0.025648999979921427,0.2721209999947405,160,145
Q0344,058590f8-c0f3-40c1-ac80-246437499d5d,0.013971000015544632,0.19397199997683856,0.025158000028113747,0.2191300000049523,160,145
Q0345,058590f8-c0f3-40c1-ac80-246437499d5d,0.011857999993480917,0.18572999999832973,0.0247579999950176,0.21048799999334733,160,145
Q0346,058590f8-c0f3-40c1-ac80-246437499d5d,0.012408000003460984,0.18453799998496834,0.025148000020180916,0.20968600000514925,160,145
Q0347,058590f8-c0f3-40c1-ac80-246437499d5d,0.01270900000349684,0.18871500000727792,0.025558000004366477,0.2142730000116444,160,145
Q0348,058590f8-c0f3-40c1-ac80-246437499d5d,0.013319999993655074,0.22125399999595174,0.02559899999710069,0.24685299999305244,160,145
Q0349,058590f8-c0f3-40c1-ac80-246437499d5d,0.014001000010921416,0.1864209999951072,0.030116000004909438,0.21653700000001663,160,145
Q0350,058590f8-c0f3-40c1-ac80-246437499d5d,0.014211999996405211,0.1967569999976604,0.025488000005680078,0.22224500000334046,160,145
Q0351,19dea027-3a86-4f26-8b69-bbe969cb67cf,0.019188999999641965,0.19173900000168942,0.02204399999072848,0.2137829999924179,130,117
Q0352,19dea027-3a86-4f26-8b69-bbe969cb67cf,0.011217000007945899,0.18852400000923808,0.022503999986156487,0.21102799999539457,130,117
Q0353,19dea027-3a86-4f26-8b69-bbe969cb67cf,0.01245899997570632,0.22587099999782367,0.022153000003299894,0.24802400000112357,130,117
Q0354,19dea027-3a86-4f26-8b69-bbe969cb67cf,0.012569000006124043,0.18782300000452778,0.02197399999204208,0.20979699999656987,130,117
Q0355,19dea027-3a86-4f26-8b69-bbe969cb67cf,0.011989000000767192,0.18463800000745323,0.021763000006558286,0.20640100001401152,130,117
Q0356,19dea027-3a86-4f26-8b69-bbe969cb67cf,0.01238900000544163,0.18708199999650788,0.021993000018483144,0.20907500001499102,130,117
Q0357,19dea027-3a86-4f26-8b69-bbe969cb67cf,0.012649000012743272,0.18379799999479474,0.021652000015137673,0.2054500000099324,130,117
Q0358,19dea027-3a86-4f26-8b69-bbe969cb67cf,0.012088999994830374,0.21841899999230918,0.022174000008590156,0.24059300000089934,130,117
Q0359,19dea027-3a86-4f26-8b69-bbe969cb67cf,0.013179999996282277,0.19646699999498196,0.02163199999927201,0.21809899999425397,130,117
Q0360,19dea027-3a86-4f26-8b69-bbe969cb67cf,0.012539000010747259,0.2036569999859239,0.022314000005962953,0.22597099999188686,130,117
Q0361,bb089c44-7126-4acd-a2fa-5e10dfa77516,0.01453199999446042,0.18732300000579016,0.014501999999083637,0.2018250000048738,72,63
Q0362,bb089c44-7126-4acd-a2fa-5e10dfa77516,0.011456999999381878,0.18436899998164336,0.01411100001291743,0.19847999999456079,72,63
Q0363,bb089c44-7126-4acd-a2fa-5e10dfa77516,0.010776000010537246,0.25132999999755157,0.01444099999048376,0.26577099998803533,72,63
Q0364,bb089c44-7126-4acd-a2fa-5e10dfa77516,0.01106700000264027,0.1909579999903599,0.014622000009012481,0.20557999999937238,72,63
Q0365,bb089c44-7126-4acd-a2fa-5e10dfa77516,0.011016000001973225,0.18552000000227054,0.014020999998365369,0.1995410000006359,72,63
Q0366,bb089c44-7126-4acd-a2fa-5e10dfa77516,0.010206000013113226,0.18579999999701613,0.013690999992377328,0.19949099998939346,72,63
Q0367,bb089c44-7126-4acd-a2fa-5e10dfa77516,0.010525999982746725,0.18386800002190284,0.014040999985809322,0.19790900000771217,72,63
Q0368,bb089c44-7126-4acd-a2fa-5e10dfa77516,0.010675999988052354,0.17962100000090686,0.013681000012866207,0.19330200001377307,72,63
Q0369,bb089c44-7126-4acd-a2fa-5e10dfa77516,0.010005000007140552,0.206500999979653,0.014001000010921416,0.2205019999905744,72,63
Q0370,bb089c44-7126-4acd-a2fa-5e10dfa77516,0.010524999993322126,0.19079700001611855,0.014021999987789968,0.2048190000039085,72,63
