query_id,patient_id,query_event_id,query_encounter_id,query_hospital,requesting_hospital,authorized_external_hospitals,query
Q0001,fc448035-8fc9-4893-b4eb-d1b90fc8742c,17635,011976dd-16af-4483-b800-5c0b2f0f532a,d733d4a9-080d-3593-b910-2366e652b7ea,d733d4a9-080d-3593-b910-2366e652b7ea,['b6f7afdd-ce7b-3cb8-99a0-d18b3f4ac43a'],clinical history related to Normal pregnancy
Q0002,fc448035-8fc9-4893-b4eb-d1b90fc8742c,17573,097123c5-bcfb-4a14-a662-c14345c32e0d,d733d4a9-080d-3593-b910-2366e652b7ea,d733d4a9-080d-3593-b910-2366e652b7ea,['b6f7afdd-ce7b-3cb8-99a0-d18b3f4ac43a'],clinical history related to Normal pregnancy
Q0003,fc448035-8fc9-4893-b4eb-d1b90fc8742c,17659,154393eb-5263-44f2-93da-6571c3b40346,d733d4a9-080d-3593-b910-2366e652b7ea,d733d4a9-080d-3593-b910-2366e652b7ea,['b6f7afdd-ce7b-3cb8-99a0-d18b3f4ac43a'],clinical history related to Normal pregnancy
Q0004,fc448035-8fc9-4893-b4eb-d1b90fc8742c,17577,24a7f63c-3497-4f8f-a683-3fb23ebfd4bd,d733d4a9-080d-3593-b910-2366e652b7ea,d733d4a9-080d-3593-b910-2366e652b7ea,['b6f7afdd-ce7b-3cb8-99a0-d18b3f4ac43a'],clinical history related to Normal pregnancy
Q0005,fc448035-8fc9-4893-b4eb-d1b90fc8742c,627,46637889-3827-4bdf-97a5-5036bf71cc4c,d733d4a9-080d-3593-b910-2366e652b7ea,d733d4a9-080d-3593-b910-2366e652b7ea,['b6f7afdd-ce7b-3cb8-99a0-d18b3f4ac43a'],clinical history related to Normal pregnancy
Q0006,fc448035-8fc9-4893-b4eb-d1b90fc8742c,17626,5f159ba7-ca05-4933-8130-29130e3c87a0,d733d4a9-080d-3593-b910-2366e652b7ea,d733d4a9-080d-3593-b910-2366e652b7ea,['b6f7afdd-ce7b-3cb8-99a0-d18b3f4ac43a'],clinical history related to Normal pregnancy
Q0007,fc448035-8fc9-4893-b4eb-d1b90fc8742c,11252,94a95805-db5f-4ade-8784-d4a41071043c,d733d4a9-080d-3593-b910-2366e652b7ea,d733d4a9-080d-3593-b910-2366e652b7ea,['b6f7afdd-ce7b-3cb8-99a0-d18b3f4ac43a'],clinical history related to Child attention deficit disorder
Q0008,fc448035-8fc9-4893-b4eb-d1b90fc8742c,17575,bdf5c0fe-5815-45ea-9673-abe39fd83e64,d733d4a9-080d-3593-b910-2366e652b7ea,d733d4a9-080d-3593-b910-2366e652b7ea,['b6f7afdd-ce7b-3cb8-99a0-d18b3f4ac43a'],clinical history related to Normal pregnancy
Q0009,fc448035-8fc9-4893-b4eb-d1b90fc8742c,17657,c4869d77-1a7d-4abb-bcf7-ccfbebbcc646,d733d4a9-080d-3593-b910-2366e652b7ea,d733d4a9-080d-3593-b910-2366e652b7ea,['b6f7afdd-ce7b-3cb8-99a0-d18b3f4ac43a'],clinical history related to Normal pregnancy
Q0010,fc448035-8fc9-4893-b4eb-d1b90fc8742c,626,fe0a51ff-38b7-4f10-834a-2bb2fba6cc10,d733d4a9-080d-3593-b910-2366e652b7ea,d733d4a9-080d-3593-b910-2366e652b7ea,['b6f7afdd-ce7b-3cb8-99a0-d18b3f4ac43a'],clinical history related to Acute viral pharyngitis (disorder)
Q0011,04a849f4-1aaf-4112-a62f-d44df4325773,5323,0232dd25-7a23-456d-94c6-9dc4cc26a0cd,ff9863d3-3fa3-3861-900e-f00148f5d9c2,9a7149fa-49fc-3c87-b935-d29c55808717,['ff9863d3-3fa3-3861-900e-f00148f5d9c2'],clinical history related to Chronic pain
Q0012,04a849f4-1aaf-4112-a62f-d44df4325773,5289,189e92f4-563d-4c5e-b818-db80d5a2b20f,ff9863d3-3fa3-3861-900e-f00148f5d9c2,9a7149fa-49fc-3c87-b935-d29c55808717,['ff9863d3-3fa3-3861-900e-f00148f5d9c2'],clinical history related to Chronic intractable migraine without aura
Q0013,04a849f4-1aaf-4112-a62f-d44df4325773,293,372479c3-dae3-4a37-96f1-7c81babb7ccc,9a7149fa-49fc-3c87-b935-d29c55808717,9a7149fa-49fc-3c87-b935-d29c55808717,['ff9863d3-3fa3-3861-900e-f00148f5d9c2'],clinical history related to Viral sinusitis (disorder)
Q0014,04a849f4-1aaf-4112-a62f-d44df4325773,5295,6a2c536d-7670-49c7-b811-6574ab2a1e7f,ff9863d3-3fa3-3861-900e-f00148f5d9c2,9a7149fa-49fc-3c87-b935-d29c55808717,['ff9863d3-3fa3-3861-900e-f00148f5d9c2'],clinical history related to Chronic intractable migraine without aura
Q0015,04a849f4-1aaf-4112-a62f-d44df4325773,5309,72a37de4-65d8-452b-9f3a-c4c71f2b11f6,ff9863d3-3fa3-3861-900e-f00148f5d9c2,9a7149fa-49fc-3c87-b935-d29c55808717,['ff9863d3-3fa3-3861-900e-f00148f5d9c2'],clinical history related to Chronic pain
Q0016,04a849f4-1aaf-4112-a62f-d44df4325773,303,a673c236-f813-413a-8a03-35ab000738e9,9a7149fa-49fc-3c87-b935-d29c55808717,9a7149fa-49fc-3c87-b935-d29c55808717,['ff9863d3-3fa3-3861-900e-f00148f5d9c2'],clinical history related to Normal pregnancy
Q0017,04a849f4-1aaf-4112-a62f-d44df4325773,296,c0ce4322-995d-48b9-9513-4f41cb725b70,ff9863d3-3fa3-3861-900e-f00148f5d9c2,9a7149fa-49fc-3c87-b935-d29c55808717,['ff9863d3-3fa3-3861-900e-f00148f5d9c2'],clinical history related to Chronic intractable migraine without aura
Q0018,04a849f4-1aaf-4112-a62f-d44df4325773,5321,c89de07d-8f6d-4deb-afbd-4f475b47e1ad,9a7149fa-49fc-3c87-b935-d29c55808717,9a7149fa-49fc-3c87-b935-d29c55808717,['ff9863d3-3fa3-3861-900e-f00148f5d9c2'],clinical history related to Normal pregnancy
Q0019,04a849f4-1aaf-4112-a62f-d44df4325773,15676,d12b09d9-130c-40d6-ab1f-dd403da8196e,9a7149fa-49fc-3c87-b935-d29c55808717,9a7149fa-49fc-3c87-b935-d29c55808717,['ff9863d3-3fa3-3861-900e-f00148f5d9c2'],clinical history related to Normal pregnancy
Q0020,04a849f4-1aaf-4112-a62f-d44df4325773,15755,fe7bba91-5286-44f3-a1c5-2b68277755f2,9a7149fa-49fc-3c87-b935-d29c55808717,9a7149fa-49fc-3c87-b935-d29c55808717,['ff9863d3-3fa3-3861-900e-f00148f5d9c2'],clinical history related to Normal pregnancy
Q0021,c76902dd-7c4a-4c83-aee0-933dee295bac,15582,06eca749-4b3b-423a-b2c9-32ea66611262,44bef9d3-91c2-3005-93e0-ccf436348ff0,44bef9d3-91c2-3005-93e0-ccf436348ff0,['6352f08d-6323-3a16-bfb5-205ac0332cf3'],clinical history related to Normal pregnancy
Q0022,c76902dd-7c4a-4c83-aee0-933dee295bac,15484,4b8bb07e-c638-47d5-a367-c3b103d5f010,44bef9d3-91c2-3005-93e0-ccf436348ff0,44bef9d3-91c2-3005-93e0-ccf436348ff0,['6352f08d-6323-3a16-bfb5-205ac0332cf3'],clinical history related to Normal pregnancy
Q0023,c76902dd-7c4a-4c83-aee0-933dee295bac,15516,5b16fbc2-b385-4d66-a46d-0a45db0ee36d,44bef9d3-91c2-3005-93e0-ccf436348ff0,44bef9d3-91c2-3005-93e0-ccf436348ff0,['6352f08d-6323-3a16-bfb5-205ac0332cf3'],clinical history related to Normal pregnancy
Q0024,c76902dd-7c4a-4c83-aee0-933dee295bac,272,6d007531-9af0-4c20-9916-f422d048a5fd,44bef9d3-91c2-3005-93e0-ccf436348ff0,44bef9d3-91c2-3005-93e0-ccf436348ff0,['6352f08d-6323-3a16-bfb5-205ac0332cf3'],clinical history related to Acute bacterial sinusitis (disorder)
Q0025,c76902dd-7c4a-4c83-aee0-933dee295bac,15507,7678e3ed-601a-42dd-a6a5-c016bb07b5d4,44bef9d3-91c2-3005-93e0-ccf436348ff0,44bef9d3-91c2-3005-93e0-ccf436348ff0,['6352f08d-6323-3a16-bfb5-205ac0332cf3'],clinical history related to Normal pregnancy
Q0026,c76902dd-7c4a-4c83-aee0-933dee295bac,15575,a9ec5c6f-ae28-41e8-8074-1ce418c33e6b,44bef9d3-91c2-3005-93e0-ccf436348ff0,44bef9d3-91c2-3005-93e0-ccf436348ff0,['6352f08d-6323-3a16-bfb5-205ac0332cf3'],clinical history related to Normal pregnancy
Q0027,c76902dd-7c4a-4c83-aee0-933dee295bac,259,b644e79e-0b56-47e1-a080-9967c55be867,44bef9d3-91c2-3005-93e0-ccf436348ff0,44bef9d3-91c2-3005-93e0-ccf436348ff0,['6352f08d-6323-3a16-bfb5-205ac0332cf3'],clinical history related to Normal pregnancy
Q0028,c76902dd-7c4a-4c83-aee0-933dee295bac,15510,bc416cb3-33b8-4cd3-82b7-1da9f4fcb34a,44bef9d3-91c2-3005-93e0-ccf436348ff0,44bef9d3-91c2-3005-93e0-ccf436348ff0,['6352f08d-6323-3a16-bfb5-205ac0332cf3'],clinical history related to Normal pregnancy
Q0029,c76902dd-7c4a-4c83-aee0-933dee295bac,15573,e1416d5e-1cb6-429f-9626-89d0411688cb,44bef9d3-91c2-3005-93e0-ccf436348ff0,44bef9d3-91c2-3005-93e0-ccf436348ff0,['6352f08d-6323-3a16-bfb5-205ac0332cf3'],clinical history related to Normal pregnancy
Q0030,c76902dd-7c4a-4c83-aee0-933dee295bac,15518,fa95052a-1d4b-497e-bbd3-7abd60b72046,44bef9d3-91c2-3005-93e0-ccf436348ff0,44bef9d3-91c2-3005-93e0-ccf436348ff0,['6352f08d-6323-3a16-bfb5-205ac0332cf3'],clinical history related to Normal pregnancy
Q0031,9b8fdfcd-a8e1-4486-ac68-82cd1e190488,510,1a00a8a8-249e-4d8e-a1d4-f0b860b3ef18,7b50426f-b50b-3d7c-ab22-04a0e1632ac8,7b50426f-b50b-3d7c-ab22-04a0e1632ac8,['a0b6ec0c-e587-3b2a-bf9f-248849f29ee5'],clinical history related to Acute viral pharyngitis (disorder)
Q0032,9b8fdfcd-a8e1-4486-ac68-82cd1e190488,7719,336241b5-f203-467c-827d-1ff6b9dbe475,7b50426f-b50b-3d7c-ab22-04a0e1632ac8,7b50426f-b50b-3d7c-ab22-04a0e1632ac8,['a0b6ec0c-e587-3b2a-bf9f-248849f29ee5'],clinical history related to Hyperlipidemia
Q0033,9b8fdfcd-a8e1-4486-ac68-82cd1e190488,7653,5ee3d343-7cab-4e6b-9baa-9801e31029de,7b50426f-b50b-3d7c-ab22-04a0e1632ac8,7b50426f-b50b-3d7c-ab22-04a0e1632ac8,['a0b6ec0c-e587-3b2a-bf9f-248849f29ee5'],clinical history related to Hyperlipidemia
Q0034,9b8fdfcd-a8e1-4486-ac68-82cd1e190488,500,8325018d-a406-4b8a-afb1-5316b74ee60e,7b50426f-b50b-3d7c-ab22-04a0e1632ac8,7b50426f-b50b-3d7c-ab22-04a0e1632ac8,['a0b6ec0c-e587-3b2a-bf9f-248849f29ee5'],clinical history related to Sinusitis (disorder)
Q0035,9b8fdfcd-a8e1-4486-ac68-82cd1e190488,7693,90dc584f-acc2-4456-8972-d35ded54123c,7b50426f-b50b-3d7c-ab22-04a0e1632ac8,7b50426f-b50b-3d7c-ab22-04a0e1632ac8,['a0b6ec0c-e587-3b2a-bf9f-248849f29ee5'],clinical history related to Hyperlipidemia
Q0036,9b8fdfcd-a8e1-4486-ac68-82cd1e190488,7669,9fa835ff-85a6-4881-b1b9-fd2087ede873,7b50426f-b50b-3d7c-ab22-04a0e1632ac8,7b50426f-b50b-3d7c-ab22-04a0e1632ac8,['a0b6ec0c-e587-3b2a-bf9f-248849f29ee5'],clinical history related to Hyperlipidemia
Q0037,9b8fdfcd-a8e1-4486-ac68-82cd1e190488,7690,be5e7665-c5a8-4097-a00d-3e6acc280cf8,7b50426f-b50b-3d7c-ab22-04a0e1632ac8,7b50426f-b50b-3d7c-ab22-04a0e1632ac8,['a0b6ec0c-e587-3b2a-bf9f-248849f29ee5'],clinical history related to Hyperlipidemia
Q0038,9b8fdfcd-a8e1-4486-ac68-82cd1e190488,7686,c723b3b0-53e7-453b-9d3c-83991ace2d9e,7b50426f-b50b-3d7c-ab22-04a0e1632ac8,7b50426f-b50b-3d7c-ab22-04a0e1632ac8,['a0b6ec0c-e587-3b2a-bf9f-248849f29ee5'],clinical history related to Hyperlipidemia
Q0039,9b8fdfcd-a8e1-4486-ac68-82cd1e190488,509,eb2e1e52-c4b3-4264-b259-31f03cce09d0,7b50426f-b50b-3d7c-ab22-04a0e1632ac8,7b50426f-b50b-3d7c-ab22-04a0e1632ac8,['a0b6ec0c-e587-3b2a-bf9f-248849f29ee5'],clinical history related to Acute viral pharyngitis (disorder)
Q0040,9b8fdfcd-a8e1-4486-ac68-82cd1e190488,7724,fbd9cbe4-ae44-41af-9dda-c27c4ef4659e,7b50426f-b50b-3d7c-ab22-04a0e1632ac8,7b50426f-b50b-3d7c-ab22-04a0e1632ac8,['a0b6ec0c-e587-3b2a-bf9f-248849f29ee5'],clinical history related to Hyperlipidemia
Q0041,e974e5c3-9b22-41f2-b3a3-c12848f29a73,823,09cd1cd3-04cd-4ba6-8d2d-aadb430c161c,956ccb85-bea0-30f9-af48-52f5dd95ff72,4accc89c-6cb0-3c68-b985-eeae348786d4,['956ccb85-bea0-30f9-af48-52f5dd95ff72'],clinical history related to Normal pregnancy
Q0042,e974e5c3-9b22-41f2-b3a3-c12848f29a73,826,18f1e753-7ee8-48e7-a82e-b432e31fbf90,956ccb85-bea0-30f9-af48-52f5dd95ff72,4accc89c-6cb0-3c68-b985-eeae348786d4,['956ccb85-bea0-30f9-af48-52f5dd95ff72'],clinical history related to Acute viral pharyngitis (disorder)
Q0043,e974e5c3-9b22-41f2-b3a3-c12848f29a73,18479,50c40408-2db7-43d7-a057-1599fef385f3,956ccb85-bea0-30f9-af48-52f5dd95ff72,4accc89c-6cb0-3c68-b985-eeae348786d4,['956ccb85-bea0-30f9-af48-52f5dd95ff72'],clinical history related to Chronic congestive heart failure (disorder)
Q0044,e974e5c3-9b22-41f2-b3a3-c12848f29a73,18473,76a25bf6-71ce-4edf-a5d7-48d01a3163bd,956ccb85-bea0-30f9-af48-52f5dd95ff72,4accc89c-6cb0-3c68-b985-eeae348786d4,['956ccb85-bea0-30f9-af48-52f5dd95ff72'],clinical history related to Chronic congestive heart failure (disorder)
Q0045,e974e5c3-9b22-41f2-b3a3-c12848f29a73,13412,78c2727a-999e-47ef-a843-3ea1bd4c2c48,956ccb85-bea0-30f9-af48-52f5dd95ff72,4accc89c-6cb0-3c68-b985-eeae348786d4,['956ccb85-bea0-30f9-af48-52f5dd95ff72'],clinical history related to Chronic congestive heart failure (disorder)
Q0046,e974e5c3-9b22-41f2-b3a3-c12848f29a73,820,95e3039d-603e-436c-901a-b4673c244324,956ccb85-bea0-30f9-af48-52f5dd95ff72,4accc89c-6cb0-3c68-b985-eeae348786d4,['956ccb85-bea0-30f9-af48-52f5dd95ff72'],clinical history related to Normal pregnancy
Q0047,e974e5c3-9b22-41f2-b3a3-c12848f29a73,18475,ab279ea7-2aa7-45db-b44f-9d60c8848426,956ccb85-bea0-30f9-af48-52f5dd95ff72,4accc89c-6cb0-3c68-b985-eeae348786d4,['956ccb85-bea0-30f9-af48-52f5dd95ff72'],clinical history related to Chronic congestive heart failure (disorder)
Q0048,e974e5c3-9b22-41f2-b3a3-c12848f29a73,828,cc95ab73-73d2-4784-bbcf-5751c6227c99,956ccb85-bea0-30f9-af48-52f5dd95ff72,4accc89c-6cb0-3c68-b985-eeae348786d4,['956ccb85-bea0-30f9-af48-52f5dd95ff72'],clinical history related to Acute viral pharyngitis (disorder)
Q0049,e974e5c3-9b22-41f2-b3a3-c12848f29a73,819,e29caba6-efab-416a-a1d2-1f06b16a7fe2,956ccb85-bea0-30f9-af48-52f5dd95ff72,4accc89c-6cb0-3c68-b985-eeae348786d4,['956ccb85-bea0-30f9-af48-52f5dd95ff72'],clinical history related to Escherichia coli urinary tract infection
Q0050,e974e5c3-9b22-41f2-b3a3-c12848f29a73,827,f788b5d0-1f82-4328-a8b7-6a8c851bb258,956ccb85-bea0-30f9-af48-52f5dd95ff72,4accc89c-6cb0-3c68-b985-eeae348786d4,['956ccb85-bea0-30f9-af48-52f5dd95ff72'],clinical history related to Chronic congestive heart failure (disorder)
Q0051,73f124a4-e69e-4b8c-a447-e72d23dc54be,13497,049d48e1-eb2b-4956-8f31-5231ce723c9a,a0b6ec0c-e587-3b2a-bf9f-248849f29ee5,8125fe7f-a812-3a6a-81bd-dba734dfeb1b,['a0b6ec0c-e587-3b2a-bf9f-248849f29ee5'],clinical history related to Tubal pregnancy
Q0052,73f124a4-e69e-4b8c-a447-e72d23dc54be,961,2b06c1ea-5c15-431f-9da4-da70b2de5ff7,a0b6ec0c-e587-3b2a-bf9f-248849f29ee5,8125fe7f-a812-3a6a-81bd-dba734dfeb1b,['a0b6ec0c-e587-3b2a-bf9f-248849f29ee5'],clinical history related to Hyperlipidemia
Q0053,73f124a4-e69e-4b8c-a447-e72d23dc54be,968,3c3c84e4-77b3-49a6-810f-798cf8f7d78e,a0b6ec0c-e587-3b2a-bf9f-248849f29ee5,8125fe7f-a812-3a6a-81bd-dba734dfeb1b,['a0b6ec0c-e587-3b2a-bf9f-248849f29ee5'],clinical history related to Hyperlipidemia
Q0054,73f124a4-e69e-4b8c-a447-e72d23dc54be,18,3d74847f-b3d7-4527-b1b7-c19a1ac987fd,a0b6ec0c-e587-3b2a-bf9f-248849f29ee5,8125fe7f-a812-3a6a-81bd-dba734dfeb1b,['a0b6ec0c-e587-3b2a-bf9f-248849f29ee5'],clinical history related to Normal pregnancy
Q0055,73f124a4-e69e-4b8c-a447-e72d23dc54be,964,47f733ff-2ed7-429f-8316-c8140c281e64,a0b6ec0c-e587-3b2a-bf9f-248849f29ee5,8125fe7f-a812-3a6a-81bd-dba734dfeb1b,['a0b6ec0c-e587-3b2a-bf9f-248849f29ee5'],clinical history related to Hyperlipidemia
Q0056,73f124a4-e69e-4b8c-a447-e72d23dc54be,13486,6ee3bb67-f975-4c32-8b66-1d600da8b000,a0b6ec0c-e587-3b2a-bf9f-248849f29ee5,8125fe7f-a812-3a6a-81bd-dba734dfeb1b,['a0b6ec0c-e587-3b2a-bf9f-248849f29ee5'],clinical history related to Blighted ovum
Q0057,73f124a4-e69e-4b8c-a447-e72d23dc54be,955,819371dd-b98f-4392-836f-9788e9ed4e95,a0b6ec0c-e587-3b2a-bf9f-248849f29ee5,8125fe7f-a812-3a6a-81bd-dba734dfeb1b,['a0b6ec0c-e587-3b2a-bf9f-248849f29ee5'],clinical history related to Hyperlipidemia
Q0058,73f124a4-e69e-4b8c-a447-e72d23dc54be,22,8ef6621b-29cb-4cb5-aa53-4d1ea9d7e947,a0b6ec0c-e587-3b2a-bf9f-248849f29ee5,8125fe7f-a812-3a6a-81bd-dba734dfeb1b,['a0b6ec0c-e587-3b2a-bf9f-248849f29ee5'],clinical history related to Viral sinusitis (disorder)
Q0059,73f124a4-e69e-4b8c-a447-e72d23dc54be,966,f277e6c5-31bd-4849-8e85-1d60310db7a0,a0b6ec0c-e587-3b2a-bf9f-248849f29ee5,8125fe7f-a812-3a6a-81bd-dba734dfeb1b,['a0b6ec0c-e587-3b2a-bf9f-248849f29ee5'],clinical history related to Hyperlipidemia
Q0060,73f124a4-e69e-4b8c-a447-e72d23dc54be,972,fe62ff44-f19b-4c83-a786-b2aecfe5ef3d,a0b6ec0c-e587-3b2a-bf9f-248849f29ee5,8125fe7f-a812-3a6a-81bd-dba734dfeb1b,['a0b6ec0c-e587-3b2a-bf9f-248849f29ee5'],clinical history related to Hyperlipidemia
Q0061,87f05059-de42-4630-a35b-edb53d880640,805,18e12f5e-c90c-4c4b-8418-d4320e36aefa,d78e84ec-30aa-3bba-a33a-f29a3a454662,060d4631-3566-3d04-9205-2827b0f87c2e,['d78e84ec-30aa-3bba-a33a-f29a3a454662'],clinical history related to Escherichia coli urinary tract infection
Q0062,87f05059-de42-4630-a35b-edb53d880640,801,37232332-64d3-45ae-828d-2c975714975b,d78e84ec-30aa-3bba-a33a-f29a3a454662,060d4631-3566-3d04-9205-2827b0f87c2e,['d78e84ec-30aa-3bba-a33a-f29a3a454662'],clinical history related to Viral sinusitis (disorder)
Q0063,87f05059-de42-4630-a35b-edb53d880640,802,61a01b59-b16c-46f2-ab38-5cc8f97ea332,d78e84ec-30aa-3bba-a33a-f29a3a454662,060d4631-3566-3d04-9205-2827b0f87c2e,['d78e84ec-30aa-3bba-a33a-f29a3a454662'],clinical history related to Acute bronchitis (disorder)
Q0064,87f05059-de42-4630-a35b-edb53d880640,799,7d9cd6ae-9390-44c7-83a2-1faa0eab2473,d78e84ec-30aa-3bba-a33a-f29a3a454662,060d4631-3566-3d04-9205-2827b0f87c2e,['d78e84ec-30aa-3bba-a33a-f29a3a454662'],clinical history related to Normal pregnancy
Q0065,87f05059-de42-4630-a35b-edb53d880640,13228,8f8d975c-7247-4754-986c-64d640b7371b,d78e84ec-30aa-3bba-a33a-f29a3a454662,060d4631-3566-3d04-9205-2827b0f87c2e,['d78e84ec-30aa-3bba-a33a-f29a3a454662'],clinical history related to Anemia (disorder)
Q0066,87f05059-de42-4630-a35b-edb53d880640,809,95436b74-4f5f-4108-96a6-d212ccd495f0,d78e84ec-30aa-3bba-a33a-f29a3a454662,060d4631-3566-3d04-9205-2827b0f87c2e,['d78e84ec-30aa-3bba-a33a-f29a3a454662'],clinical history related to Escherichia coli urinary tract infection
Q0067,87f05059-de42-4630-a35b-edb53d880640,806,ae1c2961-95c7-4743-a978-f645402d87d9,d78e84ec-30aa-3bba-a33a-f29a3a454662,060d4631-3566-3d04-9205-2827b0f87c2e,['d78e84ec-30aa-3bba-a33a-f29a3a454662'],clinical history related to Acute viral pharyngitis (disorder)
Q0068,87f05059-de42-4630-a35b-edb53d880640,800,b2f255f5-7d9f-4d42-ab20-cba32d387085,d78e84ec-30aa-3bba-a33a-f29a3a454662,060d4631-3566-3d04-9205-2827b0f87c2e,['d78e84ec-30aa-3bba-a33a-f29a3a454662'],clinical history related to Normal pregnancy
Q0069,87f05059-de42-4630-a35b-edb53d880640,804,c7b2945f-b144-4575-a10a-d8adc02238e8,d78e84ec-30aa-3bba-a33a-f29a3a454662,060d4631-3566-3d04-9205-2827b0f87c2e,['d78e84ec-30aa-3bba-a33a-f29a3a454662'],clinical history related to Acute viral pharyngitis (disorder)
Q0070,87f05059-de42-4630-a35b-edb53d880640,803,dead8777-ca2e-4b84-8167-bbbcc5c972ac,d78e84ec-30aa-3bba-a33a-f29a3a454662,060d4631-3566-3d04-9205-2827b0f87c2e,['d78e84ec-30aa-3bba-a33a-f29a3a454662'],clinical history related to Acute viral pharyngitis (disorder)
Q0071,80f7a79f-61f1-4ec3-a2c7-226611a54044,284,4c46fc5d-bc86-43a4-bee6-9123a71edf79,44bef9d3-91c2-3005-93e0-ccf436348ff0,44bef9d3-91c2-3005-93e0-ccf436348ff0,['3f6b47c8-cace-367c-9d78-c518c184365f'],clinical history related to Normal pregnancy
Q0072,80f7a79f-61f1-4ec3-a2c7-226611a54044,285,59ff901b-cdb5-4502-a2bd-8556bad98c01,44bef9d3-91c2-3005-93e0-ccf436348ff0,44bef9d3-91c2-3005-93e0-ccf436348ff0,['3f6b47c8-cace-367c-9d78-c518c184365f'],clinical history related to Streptococcal sore throat (disorder)
Q0073,80f7a79f-61f1-4ec3-a2c7-226611a54044,15627,5e391465-3bb2-4720-b601-8fb1a60d83d8,44bef9d3-91c2-3005-93e0-ccf436348ff0,44bef9d3-91c2-3005-93e0-ccf436348ff0,['3f6b47c8-cace-367c-9d78-c518c184365f'],clinical history related to Normal pregnancy
Q0074,80f7a79f-61f1-4ec3-a2c7-226611a54044,15638,659cdb6b-23fd-4a6a-84c8-1db4769002e3,44bef9d3-91c2-3005-93e0-ccf436348ff0,44bef9d3-91c2-3005-93e0-ccf436348ff0,['3f6b47c8-cace-367c-9d78-c518c184365f'],clinical history related to Normal pregnancy
Q0075,80f7a79f-61f1-4ec3-a2c7-226611a54044,277,727c67d4-30d2-4a63-8249-1ede7809faf0,44bef9d3-91c2-3005-93e0-ccf436348ff0,44bef9d3-91c2-3005-93e0-ccf436348ff0,['3f6b47c8-cace-367c-9d78-c518c184365f'],clinical history related to Acute viral pharyngitis (disorder)
Q0076,80f7a79f-61f1-4ec3-a2c7-226611a54044,15630,76e76e1d-8976-449d-af7b-525d8df2e3ae,44bef9d3-91c2-3005-93e0-ccf436348ff0,44bef9d3-91c2-3005-93e0-ccf436348ff0,['3f6b47c8-cace-367c-9d78-c518c184365f'],clinical history related to Normal pregnancy
Q0077,80f7a79f-61f1-4ec3-a2c7-226611a54044,15636,b94bb47e-da36-459e-8e3a-60cd4903b66b,44bef9d3-91c2-3005-93e0-ccf436348ff0,44bef9d3-91c2-3005-93e0-ccf436348ff0,['3f6b47c8-cace-367c-9d78-c518c184365f'],clinical history related to Normal pregnancy
Q0078,80f7a79f-61f1-4ec3-a2c7-226611a54044,282,d072e65e-0742-433e-97b8-d96dd1a38c59,44bef9d3-91c2-3005-93e0-ccf436348ff0,44bef9d3-91c2-3005-93e0-ccf436348ff0,['3f6b47c8-cace-367c-9d78-c518c184365f'],clinical history related to Acute viral pharyngitis (disorder)
Q0079,80f7a79f-61f1-4ec3-a2c7-226611a54044,279,de0f2431-c499-4381-aeaf-871883b0da5e,44bef9d3-91c2-3005-93e0-ccf436348ff0,44bef9d3-91c2-3005-93e0-ccf436348ff0,['3f6b47c8-cace-367c-9d78-c518c184365f'],clinical history related to Acute bronchitis (disorder)
Q0080,80f7a79f-61f1-4ec3-a2c7-226611a54044,15646,ef23bfc8-6017-4980-8476-4f38d20f5605,44bef9d3-91c2-3005-93e0-ccf436348ff0,44bef9d3-91c2-3005-93e0-ccf436348ff0,['3f6b47c8-cace-367c-9d78-c518c184365f'],clinical history related to Normal pregnancy
Q0081,55de6142-7bb1-47f0-95c3-29fda996ef6b,258,2ed3d894-baac-4446-83fa-8f2cbeea14af,6be05ccf-ef94-341f-a2a3-1cf9bfde1b18,6be05ccf-ef94-341f-a2a3-1cf9bfde1b18,['317b4c11-0445-3de4-9079-7436349286e9'],clinical history related to Chronic congestive heart failure (disorder)
Q0082,55de6142-7bb1-47f0-95c3-29fda996ef6b,5187,3108e411-d3b0-4328-a34c-7efdc3ba9d4b,6be05ccf-ef94-341f-a2a3-1cf9bfde1b18,6be05ccf-ef94-341f-a2a3-1cf9bfde1b18,['317b4c11-0445-3de4-9079-7436349286e9'],clinical history related to Hyperlipidemia
Q0083,55de6142-7bb1-47f0-95c3-29fda996ef6b,5196,378791f9-e69b-4a47-ac63-f093e7207485,6be05ccf-ef94-341f-a2a3-1cf9bfde1b18,6be05ccf-ef94-341f-a2a3-1cf9bfde1b18,['317b4c11-0445-3de4-9079-7436349286e9'],clinical history related to Hyperlipidemia
Q0084,55de6142-7bb1-47f0-95c3-29fda996ef6b,5186,4857fac9-466d-453b-ae72-271b75bd2934,6be05ccf-ef94-341f-a2a3-1cf9bfde1b18,6be05ccf-ef94-341f-a2a3-1cf9bfde1b18,['317b4c11-0445-3de4-9079-7436349286e9'],clinical history related to Hyperlipidemia
Q0085,55de6142-7bb1-47f0-95c3-29fda996ef6b,5189,5927deda-b749-42fd-880d-2e2f1ce6eb3a,6be05ccf-ef94-341f-a2a3-1cf9bfde1b18,6be05ccf-ef94-341f-a2a3-1cf9bfde1b18,['317b4c11-0445-3de4-9079-7436349286e9'],clinical history related to Hyperlipidemia
Q0086,55de6142-7bb1-47f0-95c3-29fda996ef6b,252,7f17c1b2-9cf7-4311-9b01-6610b85a9853,6be05ccf-ef94-341f-a2a3-1cf9bfde1b18,6be05ccf-ef94-341f-a2a3-1cf9bfde1b18,['317b4c11-0445-3de4-9079-7436349286e9'],clinical history related to Localized  primary osteoarthritis of the hand
Q0087,55de6142-7bb1-47f0-95c3-29fda996ef6b,5190,b5c01aee-4173-4b0a-b2df-73d8834bcf44,6be05ccf-ef94-341f-a2a3-1cf9bfde1b18,6be05ccf-ef94-341f-a2a3-1cf9bfde1b18,['317b4c11-0445-3de4-9079-7436349286e9'],clinical history related to Hyperlipidemia
Q0088,55de6142-7bb1-47f0-95c3-29fda996ef6b,5191,b817d00e-c457-48fc-9025-243e2d39843e,6be05ccf-ef94-341f-a2a3-1cf9bfde1b18,6be05ccf-ef94-341f-a2a3-1cf9bfde1b18,['317b4c11-0445-3de4-9079-7436349286e9'],clinical history related to Hyperlipidemia
Q0089,55de6142-7bb1-47f0-95c3-29fda996ef6b,5194,bc3cf708-c00a-4575-9947-8a8d3ae089c7,6be05ccf-ef94-341f-a2a3-1cf9bfde1b18,6be05ccf-ef94-341f-a2a3-1cf9bfde1b18,['317b4c11-0445-3de4-9079-7436349286e9'],clinical history related to Chronic congestive heart failure (disorder)
Q0090,55de6142-7bb1-47f0-95c3-29fda996ef6b,257,d742acd2-e2af-4125-b087-7e420401fda6,6be05ccf-ef94-341f-a2a3-1cf9bfde1b18,6be05ccf-ef94-341f-a2a3-1cf9bfde1b18,['317b4c11-0445-3de4-9079-7436349286e9'],clinical history related to Acute bronchitis (disorder)
Q0091,3acf9313-1874-4dff-ab2a-3187516d92d6,17363,14d3a6c9-4096-4d13-94a6-194b8b74f2c3,e0c85f99-d520-3f26-8dcd-cfbf172afc5a,e0c85f99-d520-3f26-8dcd-cfbf172afc5a,['62fa9127-485f-3032-87cc-6576d91fec94'],clinical history related to Chronic congestive heart failure (disorder)
Q0092,3acf9313-1874-4dff-ab2a-3187516d92d6,10023,19a49601-1797-4348-bf0c-5fc81141078f,e0c85f99-d520-3f26-8dcd-cfbf172afc5a,e0c85f99-d520-3f26-8dcd-cfbf172afc5a,['62fa9127-485f-3032-87cc-6576d91fec94'],clinical history related to Viral sinusitis (disorder)
Q0093,3acf9313-1874-4dff-ab2a-3187516d92d6,10031,2150e707-2c98-4f95-8c39-a3194c4acfd7,e0c85f99-d520-3f26-8dcd-cfbf172afc5a,e0c85f99-d520-3f26-8dcd-cfbf172afc5a,['62fa9127-485f-3032-87cc-6576d91fec94'],clinical history related to Acute bronchitis (disorder)
Q0094,3acf9313-1874-4dff-ab2a-3187516d92d6,11057,44b34ba4-6ad6-45fc-ae0b-2472d806e3b2,e0c85f99-d520-3f26-8dcd-cfbf172afc5a,e0c85f99-d520-3f26-8dcd-cfbf172afc5a,['62fa9127-485f-3032-87cc-6576d91fec94'],clinical history related to Chronic congestive heart failure (disorder)
Q0095,3acf9313-1874-4dff-ab2a-3187516d92d6,10383,555af810-7f9c-49ea-bc75-4769823cc633,e0c85f99-d520-3f26-8dcd-cfbf172afc5a,e0c85f99-d520-3f26-8dcd-cfbf172afc5a,['62fa9127-485f-3032-87cc-6576d91fec94'],clinical history related to Acute bronchitis (disorder)
Q0096,3acf9313-1874-4dff-ab2a-3187516d92d6,17541,7022a840-a692-4d77-8dbc-cd8e73561dac,e0c85f99-d520-3f26-8dcd-cfbf172afc5a,e0c85f99-d520-3f26-8dcd-cfbf172afc5a,['62fa9127-485f-3032-87cc-6576d91fec94'],clinical history related to Chronic congestive heart failure (disorder)
Q0097,3acf9313-1874-4dff-ab2a-3187516d92d6,11097,7b9757dd-1572-46ac-b4c0-2e694e8e50ac,e0c85f99-d520-3f26-8dcd-cfbf172afc5a,e0c85f99-d520-3f26-8dcd-cfbf172afc5a,['62fa9127-485f-3032-87cc-6576d91fec94'],clinical history related to Chronic congestive heart failure (disorder)
Q0098,3acf9313-1874-4dff-ab2a-3187516d92d6,11107,99a21b8d-abda-4046-bb33-87c54f1e0dca,e0c85f99-d520-3f26-8dcd-cfbf172afc5a,e0c85f99-d520-3f26-8dcd-cfbf172afc5a,['62fa9127-485f-3032-87cc-6576d91fec94'],clinical history related to Chronic congestive heart failure (disorder)
Q0099,3acf9313-1874-4dff-ab2a-3187516d92d6,11021,c484dee6-20b8-40e9-9167-c75f92f93454,e0c85f99-d520-3f26-8dcd-cfbf172afc5a,e0c85f99-d520-3f26-8dcd-cfbf172afc5a,['62fa9127-485f-3032-87cc-6576d91fec94'],clinical history related to Chronic congestive heart failure (disorder)
Q0100,3acf9313-1874-4dff-ab2a-3187516d92d6,11047,dd5fe882-3f85-4217-9eac-fdcd3f664679,e0c85f99-d520-3f26-8dcd-cfbf172afc5a,e0c85f99-d520-3f26-8dcd-cfbf172afc5a,['62fa9127-485f-3032-87cc-6576d91fec94'],clinical history related to Chronic congestive heart failure (disorder)
Q0101,714b9c18-783d-4f52-aa64-cc3a05a286d9,539,243427b4-b3e6-4d3c-ba99-d7fefdb7ba33,5259a506-b80b-3ed5-9c30-83188eabf33e,5259a506-b80b-3ed5-9c30-83188eabf33e,['6e62e63b-c39a-3211-99d8-8b8f0f06774e'],clinical history related to Viral sinusitis (disorder)
Q0102,714b9c18-783d-4f52-aa64-cc3a05a286d9,540,6f8fb3d4-a91f-4d11-9b19-c677d7f241ed,5259a506-b80b-3ed5-9c30-83188eabf33e,5259a506-b80b-3ed5-9c30-83188eabf33e,['6e62e63b-c39a-3211-99d8-8b8f0f06774e'],clinical history related to Viral sinusitis (disorder)
Q0103,714b9c18-783d-4f52-aa64-cc3a05a286d9,8068,ada5af66-0236-4322-b7a2-91488b22e4cd,5259a506-b80b-3ed5-9c30-83188eabf33e,5259a506-b80b-3ed5-9c30-83188eabf33e,['6e62e63b-c39a-3211-99d8-8b8f0f06774e'],clinical history related to Acute bronchitis (disorder)
Q0104,714b9c18-783d-4f52-aa64-cc3a05a286d9,8036,c5718fee-4ab6-4a4e-a8be-5b620dabccd8,5259a506-b80b-3ed5-9c30-83188eabf33e,5259a506-b80b-3ed5-9c30-83188eabf33e,['6e62e63b-c39a-3211-99d8-8b8f0f06774e'],clinical history related to Malignant tumor of colon
Q0105,714b9c18-783d-4f52-aa64-cc3a05a286d9,541,c64a4d1f-b2f6-4736-8e4b-421af21f46b2,5259a506-b80b-3ed5-9c30-83188eabf33e,5259a506-b80b-3ed5-9c30-83188eabf33e,['6e62e63b-c39a-3211-99d8-8b8f0f06774e'],clinical history related to Viral sinusitis (disorder)
Q0106,714b9c18-783d-4f52-aa64-cc3a05a286d9,532,d239e960-4fbc-472a-9669-873352aa2141,5259a506-b80b-3ed5-9c30-83188eabf33e,5259a506-b80b-3ed5-9c30-83188eabf33e,['6e62e63b-c39a-3211-99d8-8b8f0f06774e'],clinical history related to Osteoarthritis of knee
Q0107,714b9c18-783d-4f52-aa64-cc3a05a286d9,525,d5a0c9bc-8490-4adf-af8d-7d63ef222d4a,5259a506-b80b-3ed5-9c30-83188eabf33e,5259a506-b80b-3ed5-9c30-83188eabf33e,['6e62e63b-c39a-3211-99d8-8b8f0f06774e'],clinical history related to Viral sinusitis (disorder)
Q0108,714b9c18-783d-4f52-aa64-cc3a05a286d9,7838,d6d836e4-3981-4cd3-a16e-74df8bc3de96,5259a506-b80b-3ed5-9c30-83188eabf33e,5259a506-b80b-3ed5-9c30-83188eabf33e,['6e62e63b-c39a-3211-99d8-8b8f0f06774e'],clinical history related to Anemia (disorder)
Q0109,714b9c18-783d-4f52-aa64-cc3a05a286d9,537,e4185aac-8adf-4993-88ef-9380b6f7aefe,5259a506-b80b-3ed5-9c30-83188eabf33e,5259a506-b80b-3ed5-9c30-83188eabf33e,['6e62e63b-c39a-3211-99d8-8b8f0f06774e'],clinical history related to Neoplasm of prostate
Q0110,714b9c18-783d-4f52-aa64-cc3a05a286d9,8044,edd7ca58-05a9-49f9-afc8-d81a3541f8af,5259a506-b80b-3ed5-9c30-83188eabf33e,5259a506-b80b-3ed5-9c30-83188eabf33e,['6e62e63b-c39a-3211-99d8-8b8f0f06774e'],clinical history related to Malignant tumor of colon
Q0111,6ec18ddf-e9ee-421a-9033-456f558c7b4b,16503,2b16cc4c-e6e6-4257-953e-ab5764df7bf9,53b25c4b-e95f-3dd1-8e69-d427cdd83631,53b25c4b-e95f-3dd1-8e69-d427cdd83631,['24cb4eab-6166-3530-bddc-a5a8a14a4fc1'],clinical history related to Suspected lung cancer (situation)
Q0112,6ec18ddf-e9ee-421a-9033-456f558c7b4b,460,2fd99db0-3c2e-44d2-bd2e-2a864684cd7a,53b25c4b-e95f-3dd1-8e69-d427cdd83631,53b25c4b-e95f-3dd1-8e69-d427cdd83631,['24cb4eab-6166-3530-bddc-a5a8a14a4fc1'],clinical history related to Sinusitis (disorder)
Q0113,6ec18ddf-e9ee-421a-9033-456f558c7b4b,483,6ca23498-00ce-4246-9332-e76400b7a3db,53b25c4b-e95f-3dd1-8e69-d427cdd83631,53b25c4b-e95f-3dd1-8e69-d427cdd83631,['24cb4eab-6166-3530-bddc-a5a8a14a4fc1'],clinical history related to Streptococcal sore throat (disorder)
Q0114,6ec18ddf-e9ee-421a-9033-456f558c7b4b,6903,70f96495-b1fc-4fa1-9cae-dcc356823e90,53b25c4b-e95f-3dd1-8e69-d427cdd83631,53b25c4b-e95f-3dd1-8e69-d427cdd83631,['24cb4eab-6166-3530-bddc-a5a8a14a4fc1'],clinical history related to Anemia (disorder)
Q0115,6ec18ddf-e9ee-421a-9033-456f558c7b4b,474,7788a6b2-86db-413c-8802-f6067ab964e2,53b25c4b-e95f-3dd1-8e69-d427cdd83631,53b25c4b-e95f-3dd1-8e69-d427cdd83631,['24cb4eab-6166-3530-bddc-a5a8a14a4fc1'],clinical history related to Neoplasm of prostate
Q0116,6ec18ddf-e9ee-421a-9033-456f558c7b4b,480,a6d63a3e-c69e-41d6-a8fc-e749ecc3657b,53b25c4b-e95f-3dd1-8e69-d427cdd83631,53b25c4b-e95f-3dd1-8e69-d427cdd83631,['24cb4eab-6166-3530-bddc-a5a8a14a4fc1'],clinical history related to Non-small cell carcinoma of lung  TNM stage 1 (disorder)
Q0117,6ec18ddf-e9ee-421a-9033-456f558c7b4b,7150,dad811f9-6f39-434e-9ace-cb4341f0a4f2,53b25c4b-e95f-3dd1-8e69-d427cdd83631,53b25c4b-e95f-3dd1-8e69-d427cdd83631,['24cb4eab-6166-3530-bddc-a5a8a14a4fc1'],clinical history related to Neoplasm of prostate
Q0118,6ec18ddf-e9ee-421a-9033-456f558c7b4b,477,e06b84d9-600c-4845-9600-4c36acbc230b,53b25c4b-e95f-3dd1-8e69-d427cdd83631,53b25c4b-e95f-3dd1-8e69-d427cdd83631,['24cb4eab-6166-3530-bddc-a5a8a14a4fc1'],clinical history related to Viral sinusitis (disorder)
Q0119,6ec18ddf-e9ee-421a-9033-456f558c7b4b,479,eb276359-0468-4953-85cb-7118c6f455f5,53b25c4b-e95f-3dd1-8e69-d427cdd83631,53b25c4b-e95f-3dd1-8e69-d427cdd83631,['24cb4eab-6166-3530-bddc-a5a8a14a4fc1'],clinical history related to Non-small cell lung cancer (disorder)
Q0120,6ec18ddf-e9ee-421a-9033-456f558c7b4b,6900,fdfdf372-03cb-4b63-bdac-55efc9a39da8,53b25c4b-e95f-3dd1-8e69-d427cdd83631,53b25c4b-e95f-3dd1-8e69-d427cdd83631,['24cb4eab-6166-3530-bddc-a5a8a14a4fc1'],clinical history related to Acute bronchitis (disorder)
Q0121,137acc1b-dbca-473e-84bb-fe1baaf98819,437,2b64de72-a40f-446e-85cc-a54a6244b99e,7c530dcd-43f3-3f87-b41b-9f704205e0f8,7c530dcd-43f3-3f87-b41b-9f704205e0f8,['bbf934c6-faad-3483-a1d2-d2ecb693a0e2'],clinical history related to Viral sinusitis (disorder)
Q0122,137acc1b-dbca-473e-84bb-fe1baaf98819,6669,5f7120c3-658d-4baf-85b9-c7bea2007b1f,7c530dcd-43f3-3f87-b41b-9f704205e0f8,7c530dcd-43f3-3f87-b41b-9f704205e0f8,['bbf934c6-faad-3483-a1d2-d2ecb693a0e2'],clinical history related to Acute bronchitis (disorder)
Q0123,137acc1b-dbca-473e-84bb-fe1baaf98819,6742,66b5e395-b0ac-412f-8a9e-0c4e298ebaa2,7c530dcd-43f3-3f87-b41b-9f704205e0f8,7c530dcd-43f3-3f87-b41b-9f704205e0f8,['bbf934c6-faad-3483-a1d2-d2ecb693a0e2'],clinical history related to Acute viral pharyngitis (disorder)
Q0124,137acc1b-dbca-473e-84bb-fe1baaf98819,434,7676445b-25ce-4e20-b8fb-b8ba2a313caa,7c530dcd-43f3-3f87-b41b-9f704205e0f8,7c530dcd-43f3-3f87-b41b-9f704205e0f8,['bbf934c6-faad-3483-a1d2-d2ecb693a0e2'],clinical history related to Sinusitis (disorder)
Q0125,137acc1b-dbca-473e-84bb-fe1baaf98819,433,7f18576e-14f0-4b03-88bd-cd4aa186b2a8,7c530dcd-43f3-3f87-b41b-9f704205e0f8,7c530dcd-43f3-3f87-b41b-9f704205e0f8,['bbf934c6-faad-3483-a1d2-d2ecb693a0e2'],clinical history related to Sinusitis (disorder)
Q0126,137acc1b-dbca-473e-84bb-fe1baaf98819,438,8564b659-7b9c-49c0-999b-2de7e381f44e,7c530dcd-43f3-3f87-b41b-9f704205e0f8,7c530dcd-43f3-3f87-b41b-9f704205e0f8,['bbf934c6-faad-3483-a1d2-d2ecb693a0e2'],clinical history related to Acute viral pharyngitis (disorder)
Q0127,137acc1b-dbca-473e-84bb-fe1baaf98819,432,8d1a3b8e-9f74-4585-bd5b-be1f3d90d37e,7c530dcd-43f3-3f87-b41b-9f704205e0f8,7c530dcd-43f3-3f87-b41b-9f704205e0f8,['bbf934c6-faad-3483-a1d2-d2ecb693a0e2'],clinical history related to Viral sinusitis (disorder)
Q0128,137acc1b-dbca-473e-84bb-fe1baaf98819,6627,ab31f5f5-24a5-4d78-9846-6250c5bb6e3e,7c530dcd-43f3-3f87-b41b-9f704205e0f8,7c530dcd-43f3-3f87-b41b-9f704205e0f8,['bbf934c6-faad-3483-a1d2-d2ecb693a0e2'],clinical history related to Injury of medial collateral ligament of knee
Q0129,137acc1b-dbca-473e-84bb-fe1baaf98819,435,b003f1af-4918-4d78-9ddb-0399b616b674,7c530dcd-43f3-3f87-b41b-9f704205e0f8,7c530dcd-43f3-3f87-b41b-9f704205e0f8,['bbf934c6-faad-3483-a1d2-d2ecb693a0e2'],clinical history related to Neoplasm of prostate
Q0130,137acc1b-dbca-473e-84bb-fe1baaf98819,439,f1a8085b-d8de-4e11-a463-9d2204a4df8b,7c530dcd-43f3-3f87-b41b-9f704205e0f8,7c530dcd-43f3-3f87-b41b-9f704205e0f8,['bbf934c6-faad-3483-a1d2-d2ecb693a0e2'],clinical history related to Viral sinusitis (disorder)
Q0131,13a3a783-ecc5-4ec5-b3dc-168b15cebb88,377,13c6ea8f-da9f-4f2c-9432-160809b572d4,78dbf052-6958-3c67-af45-b5a450b70fe4,78dbf052-6958-3c67-af45-b5a450b70fe4,['a9afd4c9-8443-3b5a-a486-07c3bb109b3f'],clinical history related to Acute viral pharyngitis (disorder)
Q0132,13a3a783-ecc5-4ec5-b3dc-168b15cebb88,6142,1b5618da-5fa2-4c9f-8d9a-546135beaff3,78dbf052-6958-3c67-af45-b5a450b70fe4,78dbf052-6958-3c67-af45-b5a450b70fe4,['a9afd4c9-8443-3b5a-a486-07c3bb109b3f'],clinical history related to Hyperlipidemia
Q0133,13a3a783-ecc5-4ec5-b3dc-168b15cebb88,376,20ec1f68-4738-4474-8a78-e04032c0beb0,78dbf052-6958-3c67-af45-b5a450b70fe4,78dbf052-6958-3c67-af45-b5a450b70fe4,['a9afd4c9-8443-3b5a-a486-07c3bb109b3f'],clinical history related to Acute bronchitis (disorder)
Q0134,13a3a783-ecc5-4ec5-b3dc-168b15cebb88,372,621faf4c-5688-4708-b25c-5e3d284eac97,78dbf052-6958-3c67-af45-b5a450b70fe4,78dbf052-6958-3c67-af45-b5a450b70fe4,['a9afd4c9-8443-3b5a-a486-07c3bb109b3f'],clinical history related to Impacted molars
Q0135,13a3a783-ecc5-4ec5-b3dc-168b15cebb88,370,6d17f774-4077-4017-b6fa-544dc56f6801,78dbf052-6958-3c67-af45-b5a450b70fe4,78dbf052-6958-3c67-af45-b5a450b70fe4,['a9afd4c9-8443-3b5a-a486-07c3bb109b3f'],clinical history related to Chronic pain
Q0136,13a3a783-ecc5-4ec5-b3dc-168b15cebb88,6132,75202a7b-68ec-420c-a208-cb3a8818708e,78dbf052-6958-3c67-af45-b5a450b70fe4,78dbf052-6958-3c67-af45-b5a450b70fe4,['a9afd4c9-8443-3b5a-a486-07c3bb109b3f'],clinical history related to Hyperlipidemia
Q0137,13a3a783-ecc5-4ec5-b3dc-168b15cebb88,5749,a62a2dcb-ca76-45ae-892f-8915a17477b3,78dbf052-6958-3c67-af45-b5a450b70fe4,78dbf052-6958-3c67-af45-b5a450b70fe4,['a9afd4c9-8443-3b5a-a486-07c3bb109b3f'],clinical history related to Streptococcal sore throat (disorder)
Q0138,13a3a783-ecc5-4ec5-b3dc-168b15cebb88,375,b81a7537-d967-4ba4-a188-d671a05c3de1,78dbf052-6958-3c67-af45-b5a450b70fe4,78dbf052-6958-3c67-af45-b5a450b70fe4,['a9afd4c9-8443-3b5a-a486-07c3bb109b3f'],clinical history related to Acute bronchitis (disorder)
Q0139,13a3a783-ecc5-4ec5-b3dc-168b15cebb88,371,d0849bc7-cee4-42e3-862f-1f16b98d7981,78dbf052-6958-3c67-af45-b5a450b70fe4,78dbf052-6958-3c67-af45-b5a450b70fe4,['a9afd4c9-8443-3b5a-a486-07c3bb109b3f'],clinical history related to Chronic intractable migraine without aura
Q0140,13a3a783-ecc5-4ec5-b3dc-168b15cebb88,379,d2613c6f-9ec9-437f-8dd9-2ff4952b77f2,78dbf052-6958-3c67-af45-b5a450b70fe4,78dbf052-6958-3c67-af45-b5a450b70fe4,['a9afd4c9-8443-3b5a-a486-07c3bb109b3f'],clinical history related to Acute bronchitis (disorder)
Q0141,80427c8e-15ba-482f-b168-fc4f1d375179,391,00e44e72-ec8e-40d4-94e6-558614f244bd,226098a2-6a40-3588-b5bb-db56c3a30a04,2a02cf03-5b22-30df-aae4-33f12583be21,['226098a2-6a40-3588-b5bb-db56c3a30a04'],clinical history related to Acute bacterial sinusitis (disorder)
Q0142,80427c8e-15ba-482f-b168-fc4f1d375179,6409,1884e02b-09c2-4d99-89ec-a76ed9826a52,226098a2-6a40-3588-b5bb-db56c3a30a04,2a02cf03-5b22-30df-aae4-33f12583be21,['226098a2-6a40-3588-b5bb-db56c3a30a04'],clinical history related to Hyperlipidemia
Q0143,80427c8e-15ba-482f-b168-fc4f1d375179,398,2a2bdda4-72b2-46c5-822e-ae9a86c97a28,226098a2-6a40-3588-b5bb-db56c3a30a04,2a02cf03-5b22-30df-aae4-33f12583be21,['226098a2-6a40-3588-b5bb-db56c3a30a04'],clinical history related to Viral sinusitis (disorder)
Q0144,80427c8e-15ba-482f-b168-fc4f1d375179,6415,59c888f1-4efe-4bf9-9806-b45c6cb3b237,226098a2-6a40-3588-b5bb-db56c3a30a04,2a02cf03-5b22-30df-aae4-33f12583be21,['226098a2-6a40-3588-b5bb-db56c3a30a04'],clinical history related to Hyperlipidemia
Q0145,80427c8e-15ba-482f-b168-fc4f1d375179,6438,6a1923f5-218e-415c-afd0-6dd54aef1e8b,226098a2-6a40-3588-b5bb-db56c3a30a04,2a02cf03-5b22-30df-aae4-33f12583be21,['226098a2-6a40-3588-b5bb-db56c3a30a04'],clinical history related to Hyperlipidemia
Q0146,80427c8e-15ba-482f-b168-fc4f1d375179,6388,7e4ce976-5b47-421d-bbf1-b87858e6abe3,226098a2-6a40-3588-b5bb-db56c3a30a04,2a02cf03-5b22-30df-aae4-33f12583be21,['226098a2-6a40-3588-b5bb-db56c3a30a04'],clinical history related to Hyperlipidemia
Q0147,80427c8e-15ba-482f-b168-fc4f1d375179,6400,999110ef-5124-42cd-b240-fd6a8000589c,226098a2-6a40-3588-b5bb-db56c3a30a04,2a02cf03-5b22-30df-aae4-33f12583be21,['226098a2-6a40-3588-b5bb-db56c3a30a04'],clinical history related to Hyperlipidemia
Q0148,80427c8e-15ba-482f-b168-fc4f1d375179,6418,b295fe8f-fd0d-44b2-ad5d-790b799e8166,226098a2-6a40-3588-b5bb-db56c3a30a04,2a02cf03-5b22-30df-aae4-33f12583be21,['226098a2-6a40-3588-b5bb-db56c3a30a04'],clinical history related to Hyperlipidemia
Q0149,80427c8e-15ba-482f-b168-fc4f1d375179,6247,c697b7d3-fdc3-46f7-b5d1-654b39de5130,226098a2-6a40-3588-b5bb-db56c3a30a04,2a02cf03-5b22-30df-aae4-33f12583be21,['226098a2-6a40-3588-b5bb-db56c3a30a04'],clinical history related to Childhood asthma
Q0150,80427c8e-15ba-482f-b168-fc4f1d375179,6370,fb5f4fde-f03a-48b5-9f0c-99f9eccaf9ca,226098a2-6a40-3588-b5bb-db56c3a30a04,2a02cf03-5b22-30df-aae4-33f12583be21,['226098a2-6a40-3588-b5bb-db56c3a30a04'],clinical history related to Hyperlipidemia
Q0151,a7f102bb-e1ba-4417-a0c5-75dec6473034,12360,01424d76-f670-4ffe-b3a8-f4251af38ca1,d311e70d-86e7-3c03-b115-53892bcf7ef1,d311e70d-86e7-3c03-b115-53892bcf7ef1,['f99c74cc-7d1a-3f95-9a33-4a9357bf2f2a'],clinical history related to Hyperlipidemia
Q0152,a7f102bb-e1ba-4417-a0c5-75dec6473034,12296,0dd62ca5-d73a-4f90-99ba-c8de2456db7e,d311e70d-86e7-3c03-b115-53892bcf7ef1,d311e70d-86e7-3c03-b115-53892bcf7ef1,['f99c74cc-7d1a-3f95-9a33-4a9357bf2f2a'],clinical history related to Hyperlipidemia
Q0153,a7f102bb-e1ba-4417-a0c5-75dec6473034,12336,30d55db4-3770-4deb-b043-5c5e2acf21a9,d311e70d-86e7-3c03-b115-53892bcf7ef1,d311e70d-86e7-3c03-b115-53892bcf7ef1,['f99c74cc-7d1a-3f95-9a33-4a9357bf2f2a'],clinical history related to Hyperlipidemia
Q0154,a7f102bb-e1ba-4417-a0c5-75dec6473034,12275,400c5fa9-5875-4a94-b447-aae24254820f,d311e70d-86e7-3c03-b115-53892bcf7ef1,d311e70d-86e7-3c03-b115-53892bcf7ef1,['f99c74cc-7d1a-3f95-9a33-4a9357bf2f2a'],clinical history related to Acute bronchitis (disorder)
Q0155,a7f102bb-e1ba-4417-a0c5-75dec6473034,12322,6e66b8d5-2bfc-4ac4-92b3-2307a77e1fcd,d311e70d-86e7-3c03-b115-53892bcf7ef1,d311e70d-86e7-3c03-b115-53892bcf7ef1,['f99c74cc-7d1a-3f95-9a33-4a9357bf2f2a'],clinical history related to Hyperlipidemia
Q0156,a7f102bb-e1ba-4417-a0c5-75dec6473034,12356,9b90a5ee-19af-4237-b0b9-5482d36f2389,d311e70d-86e7-3c03-b115-53892bcf7ef1,d311e70d-86e7-3c03-b115-53892bcf7ef1,['f99c74cc-7d1a-3f95-9a33-4a9357bf2f2a'],clinical history related to Hyperlipidemia
Q0157,a7f102bb-e1ba-4417-a0c5-75dec6473034,12375,b3ef3ec9-c92c-433c-bbd8-a7db24054cec,d311e70d-86e7-3c03-b115-53892bcf7ef1,d311e70d-86e7-3c03-b115-53892bcf7ef1,['f99c74cc-7d1a-3f95-9a33-4a9357bf2f2a'],clinical history related to Hyperlipidemia
Q0158,a7f102bb-e1ba-4417-a0c5-75dec6473034,12324,cf619aca-8179-43cc-98a1-cd98eb5883b7,d311e70d-86e7-3c03-b115-53892bcf7ef1,d311e70d-86e7-3c03-b115-53892bcf7ef1,['f99c74cc-7d1a-3f95-9a33-4a9357bf2f2a'],clinical history related to Hyperlipidemia
Q0159,a7f102bb-e1ba-4417-a0c5-75dec6473034,12268,dfdb0e60-6a80-4643-b918-9ab0b5033a0c,d311e70d-86e7-3c03-b115-53892bcf7ef1,d311e70d-86e7-3c03-b115-53892bcf7ef1,['f99c74cc-7d1a-3f95-9a33-4a9357bf2f2a'],clinical history related to Hyperlipidemia
Q0160,a7f102bb-e1ba-4417-a0c5-75dec6473034,12302,fc42c652-b339-4c7c-ad19-674739b743f9,d311e70d-86e7-3c03-b115-53892bcf7ef1,d311e70d-86e7-3c03-b115-53892bcf7ef1,['f99c74cc-7d1a-3f95-9a33-4a9357bf2f2a'],clinical history related to Hyperlipidemia
Q0161,cd1d1f54-e4ea-458e-a264-b3e9c57d902e,13621,00fddab5-3d92-4a2f-8431-3b273ea90307,db0acede-4abe-3c01-8d03-5c68a190d8c7,db0acede-4abe-3c01-8d03-5c68a190d8c7,['ccafb5f7-0a90-3c10-9803-d2e8798178a4'],clinical history related to Malignant neoplasm of breast (disorder)
Q0162,cd1d1f54-e4ea-458e-a264-b3e9c57d902e,13634,20b3b9f0-4539-427b-a8fa-1a601b376793,db0acede-4abe-3c01-8d03-5c68a190d8c7,db0acede-4abe-3c01-8d03-5c68a190d8c7,['ccafb5f7-0a90-3c10-9803-d2e8798178a4'],clinical history related to Malignant neoplasm of breast (disorder)
Q0163,cd1d1f54-e4ea-458e-a264-b3e9c57d902e,13638,45c257e1-4cc3-42ee-8408-956b87cf23f5,db0acede-4abe-3c01-8d03-5c68a190d8c7,db0acede-4abe-3c01-8d03-5c68a190d8c7,['ccafb5f7-0a90-3c10-9803-d2e8798178a4'],clinical history related to Malignant neoplasm of breast (disorder)
Q0164,cd1d1f54-e4ea-458e-a264-b3e9c57d902e,96,6028d40e-27bd-4b87-aa63-b2af51d41520,db0acede-4abe-3c01-8d03-5c68a190d8c7,db0acede-4abe-3c01-8d03-5c68a190d8c7,['ccafb5f7-0a90-3c10-9803-d2e8798178a4'],clinical history related to Chronic intractable migraine without aura
Q0165,cd1d1f54-e4ea-458e-a264-b3e9c57d902e,13649,77cc19f5-9042-4c59-b53e-840440a477d1,db0acede-4abe-3c01-8d03-5c68a190d8c7,db0acede-4abe-3c01-8d03-5c68a190d8c7,['ccafb5f7-0a90-3c10-9803-d2e8798178a4'],clinical history related to Malignant neoplasm of breast (disorder)
Q0166,cd1d1f54-e4ea-458e-a264-b3e9c57d902e,13641,9a41075d-250b-4969-83b5-e1d5e870f50c,db0acede-4abe-3c01-8d03-5c68a190d8c7,db0acede-4abe-3c01-8d03-5c68a190d8c7,['ccafb5f7-0a90-3c10-9803-d2e8798178a4'],clinical history related to Malignant neoplasm of breast (disorder)
Q0167,cd1d1f54-e4ea-458e-a264-b3e9c57d902e,13624,be631b56-1315-4f34-9c8c-7364619bd75a,db0acede-4abe-3c01-8d03-5c68a190d8c7,db0acede-4abe-3c01-8d03-5c68a190d8c7,['ccafb5f7-0a90-3c10-9803-d2e8798178a4'],clinical history related to Malignant neoplasm of breast (disorder)
Q0168,cd1d1f54-e4ea-458e-a264-b3e9c57d902e,13639,d3f763ec-a2c0-41d7-bf93-f2195ad9e563,db0acede-4abe-3c01-8d03-5c68a190d8c7,db0acede-4abe-3c01-8d03-5c68a190d8c7,['ccafb5f7-0a90-3c10-9803-d2e8798178a4'],clinical history related to Malignant neoplasm of breast (disorder)
Q0169,cd1d1f54-e4ea-458e-a264-b3e9c57d902e,13642,da3cfdc3-0917-473e-831a-749aa380daff,db0acede-4abe-3c01-8d03-5c68a190d8c7,db0acede-4abe-3c01-8d03-5c68a190d8c7,['ccafb5f7-0a90-3c10-9803-d2e8798178a4'],clinical history related to Malignant neoplasm of breast (disorder)
Q0170,cd1d1f54-e4ea-458e-a264-b3e9c57d902e,13648,fc9fdbef-4f06-4310-b0cd-ba09ba8fc11a,db0acede-4abe-3c01-8d03-5c68a190d8c7,db0acede-4abe-3c01-8d03-5c68a190d8c7,['ccafb5f7-0a90-3c10-9803-d2e8798178a4'],clinical history related to Malignant neoplasm of breast (disorder)
Q0171,5cb510f1-244d-4f02-a82b-3631e998fad1,11917,0401d85e-8ede-4874-9494-bf32550bc3b6,5259a506-b80b-3ed5-9c30-83188eabf33e,5259a506-b80b-3ed5-9c30-83188eabf33e,['309b9155-1832-3aa2-9bc2-e6047060c36c'],clinical history related to Hyperlipidemia
Q0172,5cb510f1-244d-4f02-a82b-3631e998fad1,12030,1c5f79a9-ef15-4228-9d56-36a0d989b41f,5259a506-b80b-3ed5-9c30-83188eabf33e,5259a506-b80b-3ed5-9c30-83188eabf33e,['309b9155-1832-3aa2-9bc2-e6047060c36c'],clinical history related to Hyperlipidemia
Q0173,5cb510f1-244d-4f02-a82b-3631e998fad1,716,47d0f88b-0674-4d7a-b3d6-5938a66ace12,5259a506-b80b-3ed5-9c30-83188eabf33e,5259a506-b80b-3ed5-9c30-83188eabf33e,['309b9155-1832-3aa2-9bc2-e6047060c36c'],clinical history related to Viral sinusitis (disorder)
Q0174,5cb510f1-244d-4f02-a82b-3631e998fad1,11995,55d1e6e7-ecbc-4981-af6c-039068c85a13,5259a506-b80b-3ed5-9c30-83188eabf33e,5259a506-b80b-3ed5-9c30-83188eabf33e,['309b9155-1832-3aa2-9bc2-e6047060c36c'],clinical history related to Hyperlipidemia
Q0175,5cb510f1-244d-4f02-a82b-3631e998fad1,11886,87e29f01-440d-4cf6-9c77-7406746f7454,5259a506-b80b-3ed5-9c30-83188eabf33e,5259a506-b80b-3ed5-9c30-83188eabf33e,['309b9155-1832-3aa2-9bc2-e6047060c36c'],clinical history related to Anemia (disorder)
Q0176,5cb510f1-244d-4f02-a82b-3631e998fad1,714,8f508947-60d0-4330-8ad6-b3a9ddee0b01,5259a506-b80b-3ed5-9c30-83188eabf33e,5259a506-b80b-3ed5-9c30-83188eabf33e,['309b9155-1832-3aa2-9bc2-e6047060c36c'],clinical history related to Non-small cell lung cancer (disorder)
Q0177,5cb510f1-244d-4f02-a82b-3631e998fad1,12069,b2e6e369-05a4-447e-b2a5-54337a333cad,5259a506-b80b-3ed5-9c30-83188eabf33e,5259a506-b80b-3ed5-9c30-83188eabf33e,['309b9155-1832-3aa2-9bc2-e6047060c36c'],clinical history related to Hyperlipidemia
Q0178,5cb510f1-244d-4f02-a82b-3631e998fad1,12201,c28dfb49-50b5-4702-b6ad-7f8db20ea760,5259a506-b80b-3ed5-9c30-83188eabf33e,5259a506-b80b-3ed5-9c30-83188eabf33e,['309b9155-1832-3aa2-9bc2-e6047060c36c'],clinical history related to Hyperlipidemia
Q0179,5cb510f1-244d-4f02-a82b-3631e998fad1,12049,edb014ea-44aa-4104-a989-bc8e4d5575f3,5259a506-b80b-3ed5-9c30-83188eabf33e,5259a506-b80b-3ed5-9c30-83188eabf33e,['309b9155-1832-3aa2-9bc2-e6047060c36c'],clinical history related to Hyperlipidemia
Q0180,5cb510f1-244d-4f02-a82b-3631e998fad1,11915,fd6d53f1-f145-4625-88e5-f8215d9cce38,5259a506-b80b-3ed5-9c30-83188eabf33e,5259a506-b80b-3ed5-9c30-83188eabf33e,['309b9155-1832-3aa2-9bc2-e6047060c36c'],clinical history related to Viral sinusitis (disorder)
Q0181,3b46f9a9-3447-441d-abd4-4f8e46f9e0c2,17795,02c64e03-e498-4ca0-a4bc-9ab382cafd21,226098a2-6a40-3588-b5bb-db56c3a30a04,c44f361c-2efb-3050-8f97-0354a12e2920,['226098a2-6a40-3588-b5bb-db56c3a30a04'],clinical history related to Normal pregnancy
Q0182,3b46f9a9-3447-441d-abd4-4f8e46f9e0c2,17782,0b142908-c740-4536-aa40-c42d249195c2,226098a2-6a40-3588-b5bb-db56c3a30a04,c44f361c-2efb-3050-8f97-0354a12e2920,['226098a2-6a40-3588-b5bb-db56c3a30a04'],clinical history related to Normal pregnancy
Q0183,3b46f9a9-3447-441d-abd4-4f8e46f9e0c2,661,0e98f00c-d258-4e88-bb01-469d98e2e41a,226098a2-6a40-3588-b5bb-db56c3a30a04,c44f361c-2efb-3050-8f97-0354a12e2920,['226098a2-6a40-3588-b5bb-db56c3a30a04'],clinical history related to Non-small cell carcinoma of lung  TNM stage 1 (disorder)
Q0184,3b46f9a9-3447-441d-abd4-4f8e46f9e0c2,17788,162f3f41-379b-411a-8e17-54a0a945c6bc,226098a2-6a40-3588-b5bb-db56c3a30a04,c44f361c-2efb-3050-8f97-0354a12e2920,['226098a2-6a40-3588-b5bb-db56c3a30a04'],clinical history related to Normal pregnancy
Q0185,3b46f9a9-3447-441d-abd4-4f8e46f9e0c2,11496,47e76165-d707-4b0d-89b4-6837370eca4c,226098a2-6a40-3588-b5bb-db56c3a30a04,c44f361c-2efb-3050-8f97-0354a12e2920,['226098a2-6a40-3588-b5bb-db56c3a30a04'],clinical history related to Cystitis
Q0186,3b46f9a9-3447-441d-abd4-4f8e46f9e0c2,655,6151e6ae-66dd-466b-8e1a-dfd83aadc1ba,226098a2-6a40-3588-b5bb-db56c3a30a04,c44f361c-2efb-3050-8f97-0354a12e2920,['226098a2-6a40-3588-b5bb-db56c3a30a04'],clinical history related to Normal pregnancy
Q0187,3b46f9a9-3447-441d-abd4-4f8e46f9e0c2,17786,89dce9ec-9ad0-48dd-b4ae-1f9203e39da4,226098a2-6a40-3588-b5bb-db56c3a30a04,c44f361c-2efb-3050-8f97-0354a12e2920,['226098a2-6a40-3588-b5bb-db56c3a30a04'],clinical history related to Normal pregnancy
Q0188,3b46f9a9-3447-441d-abd4-4f8e46f9e0c2,651,9f0190d5-2744-48c5-8768-9791b1e9b050,226098a2-6a40-3588-b5bb-db56c3a30a04,c44f361c-2efb-3050-8f97-0354a12e2920,['226098a2-6a40-3588-b5bb-db56c3a30a04'],clinical history related to Normal pregnancy
Q0189,3b46f9a9-3447-441d-abd4-4f8e46f9e0c2,17814,c5883846-7665-4c79-9639-53af2143fc51,226098a2-6a40-3588-b5bb-db56c3a30a04,c44f361c-2efb-3050-8f97-0354a12e2920,['226098a2-6a40-3588-b5bb-db56c3a30a04'],clinical history related to Fetus with unknown complication
Q0190,3b46f9a9-3447-441d-abd4-4f8e46f9e0c2,17808,ef4560d5-2251-4225-ad9c-4575cf880a2b,226098a2-6a40-3588-b5bb-db56c3a30a04,c44f361c-2efb-3050-8f97-0354a12e2920,['226098a2-6a40-3588-b5bb-db56c3a30a04'],clinical history related to Fetus with unknown complication
Q0191,ca3330c5-bbbc-47e7-addb-302f2e069986,13673,02bb2fb4-2342-4014-a5f5-2560e5fb5ce9,60457c13-adb2-3415-82c5-86ab5dab5f93,60457c13-adb2-3415-82c5-86ab5dab5f93,['5d00dfcf-bef5-35be-bda8-039f6216da45'],clinical history related to Child attention deficit disorder
Q0192,ca3330c5-bbbc-47e7-addb-302f2e069986,108,2ecfb2ec-1951-4225-82d9-16ea589e3491,60457c13-adb2-3415-82c5-86ab5dab5f93,60457c13-adb2-3415-82c5-86ab5dab5f93,['5d00dfcf-bef5-35be-bda8-039f6216da45'],clinical history related to Streptococcal sore throat (disorder)
Q0193,ca3330c5-bbbc-47e7-addb-302f2e069986,13669,43196455-243c-4637-9eb9-ede035512971,60457c13-adb2-3415-82c5-86ab5dab5f93,60457c13-adb2-3415-82c5-86ab5dab5f93,['5d00dfcf-bef5-35be-bda8-039f6216da45'],clinical history related to Child attention deficit disorder
Q0194,ca3330c5-bbbc-47e7-addb-302f2e069986,13670,5ac90eba-e29c-42ba-8ace-27981a5967d1,60457c13-adb2-3415-82c5-86ab5dab5f93,60457c13-adb2-3415-82c5-86ab5dab5f93,['5d00dfcf-bef5-35be-bda8-039f6216da45'],clinical history related to Child attention deficit disorder
Q0195,ca3330c5-bbbc-47e7-addb-302f2e069986,106,7fc5dc61-76dc-45b3-a3b9-9f43fdb8f275,60457c13-adb2-3415-82c5-86ab5dab5f93,60457c13-adb2-3415-82c5-86ab5dab5f93,['5d00dfcf-bef5-35be-bda8-039f6216da45'],clinical history related to Child attention deficit disorder
Q0196,ca3330c5-bbbc-47e7-addb-302f2e069986,13671,af8ba4c7-0f02-4e13-8fb4-ab26c9a45836,60457c13-adb2-3415-82c5-86ab5dab5f93,60457c13-adb2-3415-82c5-86ab5dab5f93,['5d00dfcf-bef5-35be-bda8-039f6216da45'],clinical history related to Child attention deficit disorder
Q0197,ca3330c5-bbbc-47e7-addb-302f2e069986,13775,cfa07f98-5947-4a83-8f86-ad49a7cc939b,60457c13-adb2-3415-82c5-86ab5dab5f93,60457c13-adb2-3415-82c5-86ab5dab5f93,['5d00dfcf-bef5-35be-bda8-039f6216da45'],clinical history related to Normal pregnancy
Q0198,ca3330c5-bbbc-47e7-addb-302f2e069986,13773,d5d8a01a-add3-4f1c-b37d-fc368c00d764,60457c13-adb2-3415-82c5-86ab5dab5f93,60457c13-adb2-3415-82c5-86ab5dab5f93,['5d00dfcf-bef5-35be-bda8-039f6216da45'],clinical history related to Normal pregnancy
Q0199,ca3330c5-bbbc-47e7-addb-302f2e069986,13760,de37d262-00e8-4c35-aae7-6f66e54f997e,60457c13-adb2-3415-82c5-86ab5dab5f93,60457c13-adb2-3415-82c5-86ab5dab5f93,['5d00dfcf-bef5-35be-bda8-039f6216da45'],clinical history related to Normal pregnancy
Q0200,ca3330c5-bbbc-47e7-addb-302f2e069986,13748,f8fba883-0ff3-4831-be17-c68f89af9456,60457c13-adb2-3415-82c5-86ab5dab5f93,60457c13-adb2-3415-82c5-86ab5dab5f93,['5d00dfcf-bef5-35be-bda8-039f6216da45'],clinical history related to Normal pregnancy
Q0201,b1b10f6e-e97a-426a-9581-f1a5c29b6e05,11944,02fa1dfa-a931-42bf-8f02-4ab9b7d79e7e,3a2242e0-de37-303b-bdfc-e160c7eae518,3a2242e0-de37-303b-bdfc-e160c7eae518,['f99c74cc-7d1a-3f95-9a33-4a9357bf2f2a'],clinical history related to Primary small cell malignant neoplasm of lung  TNM stage 1 (disorder)
Q0202,b1b10f6e-e97a-426a-9581-f1a5c29b6e05,11964,248e5677-983f-47b5-bf4f-c08b33608a33,3a2242e0-de37-303b-bdfc-e160c7eae518,3a2242e0-de37-303b-bdfc-e160c7eae518,['f99c74cc-7d1a-3f95-9a33-4a9357bf2f2a'],clinical history related to Hyperlipidemia
Q0203,b1b10f6e-e97a-426a-9581-f1a5c29b6e05,11830,3f27dd45-3c7f-4ca2-8d0d-67634d90622e,3a2242e0-de37-303b-bdfc-e160c7eae518,3a2242e0-de37-303b-bdfc-e160c7eae518,['f99c74cc-7d1a-3f95-9a33-4a9357bf2f2a'],clinical history related to Hyperlipidemia
Q0204,b1b10f6e-e97a-426a-9581-f1a5c29b6e05,12013,615b3823-2d0e-40c7-90e5-539aa5aab2e9,3a2242e0-de37-303b-bdfc-e160c7eae518,3a2242e0-de37-303b-bdfc-e160c7eae518,['f99c74cc-7d1a-3f95-9a33-4a9357bf2f2a'],clinical history related to Primary small cell malignant neoplasm of lung  TNM stage 1 (disorder)
Q0205,b1b10f6e-e97a-426a-9581-f1a5c29b6e05,11814,6c835ae0-d7bc-4c5f-9f85-28e760e864e8,3a2242e0-de37-303b-bdfc-e160c7eae518,3a2242e0-de37-303b-bdfc-e160c7eae518,['f99c74cc-7d1a-3f95-9a33-4a9357bf2f2a'],clinical history related to Hyperlipidemia
Q0206,b1b10f6e-e97a-426a-9581-f1a5c29b6e05,11843,895230a8-ec10-4314-a651-e6e624ed210a,3a2242e0-de37-303b-bdfc-e160c7eae518,3a2242e0-de37-303b-bdfc-e160c7eae518,['f99c74cc-7d1a-3f95-9a33-4a9357bf2f2a'],clinical history related to Hyperlipidemia
Q0207,b1b10f6e-e97a-426a-9581-f1a5c29b6e05,11828,b2975e81-5958-4ab8-b86f-33cd31c8fb24,3a2242e0-de37-303b-bdfc-e160c7eae518,3a2242e0-de37-303b-bdfc-e160c7eae518,['f99c74cc-7d1a-3f95-9a33-4a9357bf2f2a'],clinical history related to Hyperlipidemia
Q0208,b1b10f6e-e97a-426a-9581-f1a5c29b6e05,11958,c3885e51-2705-4127-99a3-b0954b667035,3a2242e0-de37-303b-bdfc-e160c7eae518,3a2242e0-de37-303b-bdfc-e160c7eae518,['f99c74cc-7d1a-3f95-9a33-4a9357bf2f2a'],clinical history related to Primary small cell malignant neoplasm of lung  TNM stage 1 (disorder)
Q0209,b1b10f6e-e97a-426a-9581-f1a5c29b6e05,11817,d587727f-885c-495c-bca7-1ca8f6a26084,3a2242e0-de37-303b-bdfc-e160c7eae518,3a2242e0-de37-303b-bdfc-e160c7eae518,['f99c74cc-7d1a-3f95-9a33-4a9357bf2f2a'],clinical history related to Hyperlipidemia
Q0210,b1b10f6e-e97a-426a-9581-f1a5c29b6e05,11965,f93a052b-c262-43f5-b352-da6510ffb06f,3a2242e0-de37-303b-bdfc-e160c7eae518,3a2242e0-de37-303b-bdfc-e160c7eae518,['f99c74cc-7d1a-3f95-9a33-4a9357bf2f2a'],clinical history related to Primary small cell malignant neoplasm of lung  TNM stage 1 (disorder)
Q0211,df7c1d66-eac2-49bd-9d12-ee17e8758f68,18192,192232fa-2eda-4354-acf3-7e0ef56beb84,fd328395-ab1d-35c6-a2d0-d05a9a79cf11,fd328395-ab1d-35c6-a2d0-d05a9a79cf11,['901b8ebe-f338-3aa4-8cce-5fe855e466c2'],clinical history related to Normal pregnancy
Q0212,df7c1d66-eac2-49bd-9d12-ee17e8758f68,733,2d40b169-24b7-46b3-8217-a10cbd36552c,fd328395-ab1d-35c6-a2d0-d05a9a79cf11,fd328395-ab1d-35c6-a2d0-d05a9a79cf11,['901b8ebe-f338-3aa4-8cce-5fe855e466c2'],clinical history related to Normal pregnancy
Q0213,df7c1d66-eac2-49bd-9d12-ee17e8758f68,18199,31c18a3c-f41f-461b-bf29-9302e0c96739,fd328395-ab1d-35c6-a2d0-d05a9a79cf11,fd328395-ab1d-35c6-a2d0-d05a9a79cf11,['901b8ebe-f338-3aa4-8cce-5fe855e466c2'],clinical history related to Normal pregnancy
Q0214,df7c1d66-eac2-49bd-9d12-ee17e8758f68,734,5c2fa82a-b083-42b5-854d-ab7774a49849,fd328395-ab1d-35c6-a2d0-d05a9a79cf11,fd328395-ab1d-35c6-a2d0-d05a9a79cf11,['901b8ebe-f338-3aa4-8cce-5fe855e466c2'],clinical history related to Normal pregnancy
Q0215,df7c1d66-eac2-49bd-9d12-ee17e8758f68,18269,6a074887-8752-44de-bce9-171e97ded066,fd328395-ab1d-35c6-a2d0-d05a9a79cf11,fd328395-ab1d-35c6-a2d0-d05a9a79cf11,['901b8ebe-f338-3aa4-8cce-5fe855e466c2'],clinical history related to Normal pregnancy
Q0216,df7c1d66-eac2-49bd-9d12-ee17e8758f68,18201,7bdecdd9-9892-4a8f-a99d-1ac76878c7fa,fd328395-ab1d-35c6-a2d0-d05a9a79cf11,fd328395-ab1d-35c6-a2d0-d05a9a79cf11,['901b8ebe-f338-3aa4-8cce-5fe855e466c2'],clinical history related to Normal pregnancy
Q0217,df7c1d66-eac2-49bd-9d12-ee17e8758f68,12478,86aeaf3f-3bc6-4a7d-bee5-03c9d15d13c3,fd328395-ab1d-35c6-a2d0-d05a9a79cf11,fd328395-ab1d-35c6-a2d0-d05a9a79cf11,['901b8ebe-f338-3aa4-8cce-5fe855e466c2'],clinical history related to Normal pregnancy
Q0218,df7c1d66-eac2-49bd-9d12-ee17e8758f68,18262,a4055f86-2a7b-461a-aa55-ec3a9648e4d4,fd328395-ab1d-35c6-a2d0-d05a9a79cf11,fd328395-ab1d-35c6-a2d0-d05a9a79cf11,['901b8ebe-f338-3aa4-8cce-5fe855e466c2'],clinical history related to Normal pregnancy
Q0219,df7c1d66-eac2-49bd-9d12-ee17e8758f68,18242,bd602ab4-81d8-4072-a97d-8d3508fe2637,fd328395-ab1d-35c6-a2d0-d05a9a79cf11,fd328395-ab1d-35c6-a2d0-d05a9a79cf11,['901b8ebe-f338-3aa4-8cce-5fe855e466c2'],clinical history related to Normal pregnancy
Q0220,df7c1d66-eac2-49bd-9d12-ee17e8758f68,18195,f83d13e4-23eb-4d9b-9bb1-6d0924a08705,fd328395-ab1d-35c6-a2d0-d05a9a79cf11,fd328395-ab1d-35c6-a2d0-d05a9a79cf11,['901b8ebe-f338-3aa4-8cce-5fe855e466c2'],clinical history related to Normal pregnancy
Q0221,9ab883b3-d1dd-4120-b19c-e78d3ea8c25c,15320,13d7c8c1-e5ca-46c7-9821-a288fc74c14b,12c9daf5-a29c-36c9-ac55-28972463e566,12c9daf5-a29c-36c9-ac55-28972463e566,['db0acede-4abe-3c01-8d03-5c68a190d8c7'],clinical history related to Normal pregnancy
Q0222,9ab883b3-d1dd-4120-b19c-e78d3ea8c25c,15444,2aa1bc68-d48a-4d70-8368-c69446bb5fbb,12c9daf5-a29c-36c9-ac55-28972463e566,12c9daf5-a29c-36c9-ac55-28972463e566,['db0acede-4abe-3c01-8d03-5c68a190d8c7'],clinical history related to Normal pregnancy
Q0223,9ab883b3-d1dd-4120-b19c-e78d3ea8c25c,15382,33fd42b1-20ea-41b6-9850-9a7491e26cdf,12c9daf5-a29c-36c9-ac55-28972463e566,12c9daf5-a29c-36c9-ac55-28972463e566,['db0acede-4abe-3c01-8d03-5c68a190d8c7'],clinical history related to Normal pregnancy
Q0224,9ab883b3-d1dd-4120-b19c-e78d3ea8c25c,15329,4627698b-71e6-45af-af3b-88965cabf2e6,12c9daf5-a29c-36c9-ac55-28972463e566,12c9daf5-a29c-36c9-ac55-28972463e566,['db0acede-4abe-3c01-8d03-5c68a190d8c7'],clinical history related to Normal pregnancy
Q0225,9ab883b3-d1dd-4120-b19c-e78d3ea8c25c,15433,5c9fcf1c-844e-4f30-beaa-fefcf5e1022c,12c9daf5-a29c-36c9-ac55-28972463e566,12c9daf5-a29c-36c9-ac55-28972463e566,['db0acede-4abe-3c01-8d03-5c68a190d8c7'],clinical history related to Normal pregnancy
Q0226,9ab883b3-d1dd-4120-b19c-e78d3ea8c25c,15331,7ae2d777-5320-464d-83d2-30e431dc336a,12c9daf5-a29c-36c9-ac55-28972463e566,12c9daf5-a29c-36c9-ac55-28972463e566,['db0acede-4abe-3c01-8d03-5c68a190d8c7'],clinical history related to Normal pregnancy
Q0227,9ab883b3-d1dd-4120-b19c-e78d3ea8c25c,15398,aa87b5e5-aedd-4124-b2d2-54d55f94c001,12c9daf5-a29c-36c9-ac55-28972463e566,12c9daf5-a29c-36c9-ac55-28972463e566,['db0acede-4abe-3c01-8d03-5c68a190d8c7'],clinical history related to Normal pregnancy
Q0228,9ab883b3-d1dd-4120-b19c-e78d3ea8c25c,15386,ca9286a2-5fb4-4799-a9a4-ddd4c1ea5df9,12c9daf5-a29c-36c9-ac55-28972463e566,12c9daf5-a29c-36c9-ac55-28972463e566,['db0acede-4abe-3c01-8d03-5c68a190d8c7'],clinical history related to Normal pregnancy
Q0229,9ab883b3-d1dd-4120-b19c-e78d3ea8c25c,15393,e6dddb0a-a2ca-4df1-ac6d-12b8a61142ce,12c9daf5-a29c-36c9-ac55-28972463e566,12c9daf5-a29c-36c9-ac55-28972463e566,['db0acede-4abe-3c01-8d03-5c68a190d8c7'],clinical history related to Normal pregnancy
Q0230,9ab883b3-d1dd-4120-b19c-e78d3ea8c25c,15322,f8a81c78-64df-4fd1-b253-ad8897ccf758,12c9daf5-a29c-36c9-ac55-28972463e566,12c9daf5-a29c-36c9-ac55-28972463e566,['db0acede-4abe-3c01-8d03-5c68a190d8c7'],clinical history related to Normal pregnancy
Q0231,2a6d1e58-88eb-4be0-b6b4-59a471257c2e,13074,09e1bbb5-60db-4524-81b1-8c05496d9623,12c9daf5-a29c-36c9-ac55-28972463e566,7af15bd8-12c4-397b-8018-a1dd2c1085a7,['12c9daf5-a29c-36c9-ac55-28972463e566'],clinical history related to Viral sinusitis (disorder)
Q0232,2a6d1e58-88eb-4be0-b6b4-59a471257c2e,782,322febcd-975f-4330-ad3b-d80539df9ae8,12c9daf5-a29c-36c9-ac55-28972463e566,7af15bd8-12c4-397b-8018-a1dd2c1085a7,['12c9daf5-a29c-36c9-ac55-28972463e566'],clinical history related to Seasonal allergic rhinitis
Q0233,2a6d1e58-88eb-4be0-b6b4-59a471257c2e,788,3ea5dd2b-65c8-4766-a559-e88700f1b142,12c9daf5-a29c-36c9-ac55-28972463e566,7af15bd8-12c4-397b-8018-a1dd2c1085a7,['12c9daf5-a29c-36c9-ac55-28972463e566'],clinical history related to Acute bronchitis (disorder)
Q0234,2a6d1e58-88eb-4be0-b6b4-59a471257c2e,787,77d51a0d-2bd4-4795-b553-ff2045a646bb,12c9daf5-a29c-36c9-ac55-28972463e566,7af15bd8-12c4-397b-8018-a1dd2c1085a7,['12c9daf5-a29c-36c9-ac55-28972463e566'],clinical history related to Escherichia coli urinary tract infection
Q0235,2a6d1e58-88eb-4be0-b6b4-59a471257c2e,13120,7dd53fa7-23c4-42f9-853c-56b9b3626490,12c9daf5-a29c-36c9-ac55-28972463e566,7af15bd8-12c4-397b-8018-a1dd2c1085a7,['12c9daf5-a29c-36c9-ac55-28972463e566'],clinical history related to Normal pregnancy
Q0236,2a6d1e58-88eb-4be0-b6b4-59a471257c2e,784,87c20007-095f-4b13-9904-f73b326654e2,12c9daf5-a29c-36c9-ac55-28972463e566,7af15bd8-12c4-397b-8018-a1dd2c1085a7,['12c9daf5-a29c-36c9-ac55-28972463e566'],clinical history related to Normal pregnancy
Q0237,2a6d1e58-88eb-4be0-b6b4-59a471257c2e,13122,8cba93af-9534-4b41-b1f6-b371f2dbbcaa,12c9daf5-a29c-36c9-ac55-28972463e566,7af15bd8-12c4-397b-8018-a1dd2c1085a7,['12c9daf5-a29c-36c9-ac55-28972463e566'],clinical history related to Normal pregnancy
Q0238,2a6d1e58-88eb-4be0-b6b4-59a471257c2e,13112,aff7a411-d0d9-4cbe-aa51-b5f52f3d4b01,12c9daf5-a29c-36c9-ac55-28972463e566,7af15bd8-12c4-397b-8018-a1dd2c1085a7,['12c9daf5-a29c-36c9-ac55-28972463e566'],clinical history related to Viral sinusitis (disorder)
Q0239,2a6d1e58-88eb-4be0-b6b4-59a471257c2e,785,b43e01f4-a599-4747-a506-25358276e8f5,12c9daf5-a29c-36c9-ac55-28972463e566,7af15bd8-12c4-397b-8018-a1dd2c1085a7,['12c9daf5-a29c-36c9-ac55-28972463e566'],clinical history related to Viral sinusitis (disorder)
Q0240,2a6d1e58-88eb-4be0-b6b4-59a471257c2e,13041,d917e7db-9ad0-44f1-8d1f-ff6e1c95964d,12c9daf5-a29c-36c9-ac55-28972463e566,7af15bd8-12c4-397b-8018-a1dd2c1085a7,['12c9daf5-a29c-36c9-ac55-28972463e566'],clinical history related to Childhood asthma
Q0241,09cbb3f1-c2ed-426c-8c53-ffda77efcb08,8431,1563ce8f-41ed-4321-b552-8134432b7dbf,d311e70d-86e7-3c03-b115-53892bcf7ef1,d311e70d-86e7-3c03-b115-53892bcf7ef1,['6e62e63b-c39a-3211-99d8-8b8f0f06774e'],clinical history related to Chronic congestive heart failure (disorder)
Q0242,09cbb3f1-c2ed-426c-8c53-ffda77efcb08,582,234f3951-378e-415f-800c-62e39689a6cc,d311e70d-86e7-3c03-b115-53892bcf7ef1,d311e70d-86e7-3c03-b115-53892bcf7ef1,['6e62e63b-c39a-3211-99d8-8b8f0f06774e'],clinical history related to Neoplasm of prostate
Q0243,09cbb3f1-c2ed-426c-8c53-ffda77efcb08,8426,44b9670e-fd47-4f04-b75d-3346f2cef9e4,d311e70d-86e7-3c03-b115-53892bcf7ef1,d311e70d-86e7-3c03-b115-53892bcf7ef1,['6e62e63b-c39a-3211-99d8-8b8f0f06774e'],clinical history related to Neoplasm of prostate
Q0244,09cbb3f1-c2ed-426c-8c53-ffda77efcb08,578,59e858a7-e378-4e26-b504-d9ae5d5594f6,d311e70d-86e7-3c03-b115-53892bcf7ef1,d311e70d-86e7-3c03-b115-53892bcf7ef1,['6e62e63b-c39a-3211-99d8-8b8f0f06774e'],clinical history related to Streptococcal sore throat (disorder)
Q0245,09cbb3f1-c2ed-426c-8c53-ffda77efcb08,8399,74d017c5-4d46-42a2-bca9-8d9465d6f5ef,d311e70d-86e7-3c03-b115-53892bcf7ef1,d311e70d-86e7-3c03-b115-53892bcf7ef1,['6e62e63b-c39a-3211-99d8-8b8f0f06774e'],clinical history related to Chronic congestive heart failure (disorder)
Q0246,09cbb3f1-c2ed-426c-8c53-ffda77efcb08,16844,8cd0abd7-c028-4b13-83a7-5f93f1903c2b,d311e70d-86e7-3c03-b115-53892bcf7ef1,d311e70d-86e7-3c03-b115-53892bcf7ef1,['6e62e63b-c39a-3211-99d8-8b8f0f06774e'],clinical history related to Chronic congestive heart failure (disorder)
Q0247,09cbb3f1-c2ed-426c-8c53-ffda77efcb08,579,8cd7bee4-9583-4b99-823d-f515251f7d35,d311e70d-86e7-3c03-b115-53892bcf7ef1,d311e70d-86e7-3c03-b115-53892bcf7ef1,['6e62e63b-c39a-3211-99d8-8b8f0f06774e'],clinical history related to Chronic congestive heart failure (disorder)
Q0248,09cbb3f1-c2ed-426c-8c53-ffda77efcb08,8412,dc3c9ba4-12cd-417d-b53a-8fe1c0b27ff6,d311e70d-86e7-3c03-b115-53892bcf7ef1,d311e70d-86e7-3c03-b115-53892bcf7ef1,['6e62e63b-c39a-3211-99d8-8b8f0f06774e'],clinical history related to Hyperlipidemia
Q0249,09cbb3f1-c2ed-426c-8c53-ffda77efcb08,8427,e42f31b7-b4a1-4955-a6d1-8b531cf39654,d311e70d-86e7-3c03-b115-53892bcf7ef1,d311e70d-86e7-3c03-b115-53892bcf7ef1,['6e62e63b-c39a-3211-99d8-8b8f0f06774e'],clinical history related to Hyperlipidemia
Q0250,09cbb3f1-c2ed-426c-8c53-ffda77efcb08,16853,f418ff45-d304-404a-b952-06a0fd69ce6a,d311e70d-86e7-3c03-b115-53892bcf7ef1,d311e70d-86e7-3c03-b115-53892bcf7ef1,['6e62e63b-c39a-3211-99d8-8b8f0f06774e'],clinical history related to Chronic congestive heart failure (disorder)
Q0251,ca8803ac-66ef-4895-a8c4-290313fcee6f,310,006dd48f-a08e-4eb8-ae47-a85e55e6f050,69176529-fd1f-3b3f-abce-a0a3626769eb,e3589374-6bee-3d87-9da7-41d467537ccc,['69176529-fd1f-3b3f-abce-a0a3626769eb'],clinical history related to Viral sinusitis (disorder)
Q0252,ca8803ac-66ef-4895-a8c4-290313fcee6f,316,13531ff2-d28b-4e6d-9456-8e9a13bd256c,69176529-fd1f-3b3f-abce-a0a3626769eb,e3589374-6bee-3d87-9da7-41d467537ccc,['69176529-fd1f-3b3f-abce-a0a3626769eb'],clinical history related to Viral sinusitis (disorder)
Q0253,ca8803ac-66ef-4895-a8c4-290313fcee6f,307,3e7af688-0661-46a5-a705-7ba7990bf1a2,69176529-fd1f-3b3f-abce-a0a3626769eb,e3589374-6bee-3d87-9da7-41d467537ccc,['69176529-fd1f-3b3f-abce-a0a3626769eb'],clinical history related to Perennial allergic rhinitis
Q0254,ca8803ac-66ef-4895-a8c4-290313fcee6f,5379,4a4e1e93-9750-4e4a-b310-3087ec963c05,69176529-fd1f-3b3f-abce-a0a3626769eb,e3589374-6bee-3d87-9da7-41d467537ccc,['69176529-fd1f-3b3f-abce-a0a3626769eb'],clinical history related to Viral sinusitis (disorder)
Q0255,ca8803ac-66ef-4895-a8c4-290313fcee6f,15836,747e0add-001c-4c32-a712-a4d37b5c7bbf,69176529-fd1f-3b3f-abce-a0a3626769eb,e3589374-6bee-3d87-9da7-41d467537ccc,['69176529-fd1f-3b3f-abce-a0a3626769eb'],clinical history related to Normal pregnancy
Q0256,ca8803ac-66ef-4895-a8c4-290313fcee6f,15834,7783c8c1-70c1-4988-8749-8b6d389ab665,69176529-fd1f-3b3f-abce-a0a3626769eb,e3589374-6bee-3d87-9da7-41d467537ccc,['69176529-fd1f-3b3f-abce-a0a3626769eb'],clinical history related to Normal pregnancy
Q0257,ca8803ac-66ef-4895-a8c4-290313fcee6f,15838,82f00095-f7a5-45e3-ae51-e6c5a68d2cfb,69176529-fd1f-3b3f-abce-a0a3626769eb,e3589374-6bee-3d87-9da7-41d467537ccc,['69176529-fd1f-3b3f-abce-a0a3626769eb'],clinical history related to Normal pregnancy
Q0258,ca8803ac-66ef-4895-a8c4-290313fcee6f,15827,a2f3a18e-b67f-414a-9fa2-c8475c38ef40,69176529-fd1f-3b3f-abce-a0a3626769eb,e3589374-6bee-3d87-9da7-41d467537ccc,['69176529-fd1f-3b3f-abce-a0a3626769eb'],clinical history related to Normal pregnancy
Q0259,ca8803ac-66ef-4895-a8c4-290313fcee6f,312,f0590ecd-f6f4-4bbf-af1f-5d0f90ebdfd7,69176529-fd1f-3b3f-abce-a0a3626769eb,e3589374-6bee-3d87-9da7-41d467537ccc,['69176529-fd1f-3b3f-abce-a0a3626769eb'],clinical history related to Viral sinusitis (disorder)
Q0260,ca8803ac-66ef-4895-a8c4-290313fcee6f,15815,fae0781b-f205-4e07-ba6a-bdd4e0f7c3b8,69176529-fd1f-3b3f-abce-a0a3626769eb,e3589374-6bee-3d87-9da7-41d467537ccc,['69176529-fd1f-3b3f-abce-a0a3626769eb'],clinical history related to Normal pregnancy
Q0261,c9942738-49f3-4459-818f-8da20072ff76,5079,0b0e1d81-e3c5-49e6-9a51-4bd5a9c8da2b,f4e7709c-02f6-37ca-aeea-8247d74e88e7,be4c63f3-8d38-3fa9-a183-62045b5c85f6,['f4e7709c-02f6-37ca-aeea-8247d74e88e7'],clinical history related to Major depression disorder
Q0262,c9942738-49f3-4459-818f-8da20072ff76,215,434dbcae-c9b5-43fc-ba05-74ba1f8b16b2,be4c63f3-8d38-3fa9-a183-62045b5c85f6,be4c63f3-8d38-3fa9-a183-62045b5c85f6,['f4e7709c-02f6-37ca-aeea-8247d74e88e7'],clinical history related to Viral sinusitis (disorder)
Q0263,c9942738-49f3-4459-818f-8da20072ff76,18569,62c87dab-9781-4cf5-9ec3-dcf7659b69d0,f4e7709c-02f6-37ca-aeea-8247d74e88e7,be4c63f3-8d38-3fa9-a183-62045b5c85f6,['f4e7709c-02f6-37ca-aeea-8247d74e88e7'],clinical history related to Major depression  single episode
Q0264,c9942738-49f3-4459-818f-8da20072ff76,5123,6e63e85c-28e3-4fc0-9ead-1d1146076865,be4c63f3-8d38-3fa9-a183-62045b5c85f6,be4c63f3-8d38-3fa9-a183-62045b5c85f6,['f4e7709c-02f6-37ca-aeea-8247d74e88e7'],clinical history related to Viral sinusitis (disorder)
Q0265,c9942738-49f3-4459-818f-8da20072ff76,5081,84967e87-b761-44e2-bc66-51ad3b8ce1ba,f4e7709c-02f6-37ca-aeea-8247d74e88e7,be4c63f3-8d38-3fa9-a183-62045b5c85f6,['f4e7709c-02f6-37ca-aeea-8247d74e88e7'],clinical history related to Major depression disorder
Q0266,c9942738-49f3-4459-818f-8da20072ff76,5136,92d51fda-29d8-42af-aaec-7cfa13e98f6f,be4c63f3-8d38-3fa9-a183-62045b5c85f6,be4c63f3-8d38-3fa9-a183-62045b5c85f6,['f4e7709c-02f6-37ca-aeea-8247d74e88e7'],clinical history related to Acute viral pharyngitis (disorder)
Q0267,c9942738-49f3-4459-818f-8da20072ff76,213,95dc9058-ff5e-41af-bb0d-e573df1c389c,be4c63f3-8d38-3fa9-a183-62045b5c85f6,be4c63f3-8d38-3fa9-a183-62045b5c85f6,['f4e7709c-02f6-37ca-aeea-8247d74e88e7'],clinical history related to Neoplasm of prostate
Q0268,c9942738-49f3-4459-818f-8da20072ff76,210,b39600b1-70e6-4ab3-bf12-24b9c76d5aa9,f4e7709c-02f6-37ca-aeea-8247d74e88e7,be4c63f3-8d38-3fa9-a183-62045b5c85f6,['f4e7709c-02f6-37ca-aeea-8247d74e88e7'],clinical history related to Major depression  single episode
Q0269,c9942738-49f3-4459-818f-8da20072ff76,216,df1314e4-6ba6-474e-8f8d-3f1d5c31da12,be4c63f3-8d38-3fa9-a183-62045b5c85f6,be4c63f3-8d38-3fa9-a183-62045b5c85f6,['f4e7709c-02f6-37ca-aeea-8247d74e88e7'],clinical history related to Acute bronchitis (disorder)
Q0270,c9942738-49f3-4459-818f-8da20072ff76,5139,faa14637-2b28-44a9-a172-c320ec0ac742,be4c63f3-8d38-3fa9-a183-62045b5c85f6,be4c63f3-8d38-3fa9-a183-62045b5c85f6,['f4e7709c-02f6-37ca-aeea-8247d74e88e7'],clinical history related to Acute viral pharyngitis (disorder)
Q0271,668ad49e-46d7-45ec-a4b4-dab0961d180b,5010,24ef4bb7-276a-468b-8f85-24826fc44d09,ecc51621-0af3-3b35-ac3e-8b1e34022e92,7b4ee97a-0723-3538-900c-0a9680a6c021,['ecc51621-0af3-3b35-ac3e-8b1e34022e92'],clinical history related to Hyperlipidemia
Q0272,668ad49e-46d7-45ec-a4b4-dab0961d180b,4923,2872b936-419c-42d2-a183-fbc60f35b9f1,ecc51621-0af3-3b35-ac3e-8b1e34022e92,7b4ee97a-0723-3538-900c-0a9680a6c021,['ecc51621-0af3-3b35-ac3e-8b1e34022e92'],clinical history related to Anemia (disorder)
Q0273,668ad49e-46d7-45ec-a4b4-dab0961d180b,5001,30f66d4d-f9d3-45be-837c-266bea2a1c84,ecc51621-0af3-3b35-ac3e-8b1e34022e92,7b4ee97a-0723-3538-900c-0a9680a6c021,['ecc51621-0af3-3b35-ac3e-8b1e34022e92'],clinical history related to Hyperlipidemia
Q0274,668ad49e-46d7-45ec-a4b4-dab0961d180b,205,52b03f20-9684-4959-bc84-ee043b62bd3d,ecc51621-0af3-3b35-ac3e-8b1e34022e92,7b4ee97a-0723-3538-900c-0a9680a6c021,['ecc51621-0af3-3b35-ac3e-8b1e34022e92'],clinical history related to Acute viral pharyngitis (disorder)
Q0275,668ad49e-46d7-45ec-a4b4-dab0961d180b,4989,75cd1806-e6ad-4004-bc8e-299211bb655e,ecc51621-0af3-3b35-ac3e-8b1e34022e92,7b4ee97a-0723-3538-900c-0a9680a6c021,['ecc51621-0af3-3b35-ac3e-8b1e34022e92'],clinical history related to Hyperlipidemia
Q0276,668ad49e-46d7-45ec-a4b4-dab0961d180b,5057,8bc5f325-be71-4ac6-b454-b2b46af39337,ecc51621-0af3-3b35-ac3e-8b1e34022e92,7b4ee97a-0723-3538-900c-0a9680a6c021,['ecc51621-0af3-3b35-ac3e-8b1e34022e92'],clinical history related to Hyperlipidemia
Q0277,668ad49e-46d7-45ec-a4b4-dab0961d180b,5038,b7507c4f-ba3c-4e2f-8b73-e049fcac9057,ecc51621-0af3-3b35-ac3e-8b1e34022e92,7b4ee97a-0723-3538-900c-0a9680a6c021,['ecc51621-0af3-3b35-ac3e-8b1e34022e92'],clinical history related to Hyperlipidemia
Q0278,668ad49e-46d7-45ec-a4b4-dab0961d180b,201,c78320a8-f704-43e8-ab1d-1fbbf932d0a4,ecc51621-0af3-3b35-ac3e-8b1e34022e92,7b4ee97a-0723-3538-900c-0a9680a6c021,['ecc51621-0af3-3b35-ac3e-8b1e34022e92'],clinical history related to Drug overdose
Q0279,668ad49e-46d7-45ec-a4b4-dab0961d180b,204,de84562b-0a74-4b57-8cdc-4d047b047dcb,ecc51621-0af3-3b35-ac3e-8b1e34022e92,7b4ee97a-0723-3538-900c-0a9680a6c021,['ecc51621-0af3-3b35-ac3e-8b1e34022e92'],clinical history related to Viral sinusitis (disorder)
Q0280,668ad49e-46d7-45ec-a4b4-dab0961d180b,4983,fd24ca4c-02a8-416c-99b0-59a22d686369,ecc51621-0af3-3b35-ac3e-8b1e34022e92,7b4ee97a-0723-3538-900c-0a9680a6c021,['ecc51621-0af3-3b35-ac3e-8b1e34022e92'],clinical history related to Hyperlipidemia
Q0281,be8fc232-6d5c-4d97-9a1b-f9b17e06c3ff,329,0d4db474-2863-4f12-9c18-858089b53c65,12c9daf5-a29c-36c9-ac55-28972463e566,a40c8ae2-043f-3ac3-8da0-dc75b6e7900b,['12c9daf5-a29c-36c9-ac55-28972463e566'],clinical history related to Appendicitis
Q0282,be8fc232-6d5c-4d97-9a1b-f9b17e06c3ff,333,0e03c722-171d-4ece-95a2-dfb6e31d3531,12c9daf5-a29c-36c9-ac55-28972463e566,a40c8ae2-043f-3ac3-8da0-dc75b6e7900b,['12c9daf5-a29c-36c9-ac55-28972463e566'],clinical history related to Normal pregnancy
Q0283,be8fc232-6d5c-4d97-9a1b-f9b17e06c3ff,341,0f76ce11-eaca-4376-b5aa-aaf223268245,12c9daf5-a29c-36c9-ac55-28972463e566,a40c8ae2-043f-3ac3-8da0-dc75b6e7900b,['12c9daf5-a29c-36c9-ac55-28972463e566'],clinical history related to Acute viral pharyngitis (disorder)
Q0284,be8fc232-6d5c-4d97-9a1b-f9b17e06c3ff,5522,25176beb-2b55-4efd-b2b0-aaa40c5c8960,12c9daf5-a29c-36c9-ac55-28972463e566,a40c8ae2-043f-3ac3-8da0-dc75b6e7900b,['12c9daf5-a29c-36c9-ac55-28972463e566'],clinical history related to Normal pregnancy
Q0285,be8fc232-6d5c-4d97-9a1b-f9b17e06c3ff,5549,4b16b3f5-eec7-42e9-8750-31d16aff88f9,12c9daf5-a29c-36c9-ac55-28972463e566,a40c8ae2-043f-3ac3-8da0-dc75b6e7900b,['12c9daf5-a29c-36c9-ac55-28972463e566'],clinical history related to Anemia (disorder)
Q0286,be8fc232-6d5c-4d97-9a1b-f9b17e06c3ff,15875,6657e349-cd64-43b2-9ce3-a40b62336856,12c9daf5-a29c-36c9-ac55-28972463e566,a40c8ae2-043f-3ac3-8da0-dc75b6e7900b,['12c9daf5-a29c-36c9-ac55-28972463e566'],clinical history related to Blighted ovum
Q0287,be8fc232-6d5c-4d97-9a1b-f9b17e06c3ff,332,9fda6eae-2bee-4df0-aba2-ee39f497ef2e,12c9daf5-a29c-36c9-ac55-28972463e566,a40c8ae2-043f-3ac3-8da0-dc75b6e7900b,['12c9daf5-a29c-36c9-ac55-28972463e566'],clinical history related to Viral sinusitis (disorder)
Q0288,be8fc232-6d5c-4d97-9a1b-f9b17e06c3ff,339,b5b1cec7-dc6a-4d43-a452-32e8e774edbc,12c9daf5-a29c-36c9-ac55-28972463e566,a40c8ae2-043f-3ac3-8da0-dc75b6e7900b,['12c9daf5-a29c-36c9-ac55-28972463e566'],clinical history related to Normal pregnancy
Q0289,be8fc232-6d5c-4d97-9a1b-f9b17e06c3ff,336,bcdaa91a-92b3-4435-85cc-106a0ef60866,12c9daf5-a29c-36c9-ac55-28972463e566,a40c8ae2-043f-3ac3-8da0-dc75b6e7900b,['12c9daf5-a29c-36c9-ac55-28972463e566'],clinical history related to Acute viral pharyngitis (disorder)
Q0290,be8fc232-6d5c-4d97-9a1b-f9b17e06c3ff,338,d2589c26-6057-40f4-a068-5aeca33d9b20,12c9daf5-a29c-36c9-ac55-28972463e566,a40c8ae2-043f-3ac3-8da0-dc75b6e7900b,['12c9daf5-a29c-36c9-ac55-28972463e566'],clinical history related to Viral sinusitis (disorder)
Q0291,0b48619e-1602-488c-a23b-3d4937153dff,16221,050da159-d1ab-4e91-9a8c-9c646d6139a7,c44f361c-2efb-3050-8f97-0354a12e2920,c44f361c-2efb-3050-8f97-0354a12e2920,['226098a2-6a40-3588-b5bb-db56c3a30a04'],clinical history related to Normal pregnancy
Q0292,0b48619e-1602-488c-a23b-3d4937153dff,16291,0d9b615a-2f42-41ad-ba69-a779306e43d6,c44f361c-2efb-3050-8f97-0354a12e2920,c44f361c-2efb-3050-8f97-0354a12e2920,['226098a2-6a40-3588-b5bb-db56c3a30a04'],clinical history related to Normal pregnancy
Q0293,0b48619e-1602-488c-a23b-3d4937153dff,16274,2974cfb7-2bcd-4c32-9594-591f2335aff7,c44f361c-2efb-3050-8f97-0354a12e2920,c44f361c-2efb-3050-8f97-0354a12e2920,['226098a2-6a40-3588-b5bb-db56c3a30a04'],clinical history related to Normal pregnancy
Q0294,0b48619e-1602-488c-a23b-3d4937153dff,16333,40d72dfb-64c6-46e6-8352-0eb97e50129c,c44f361c-2efb-3050-8f97-0354a12e2920,c44f361c-2efb-3050-8f97-0354a12e2920,['226098a2-6a40-3588-b5bb-db56c3a30a04'],clinical history related to Normal pregnancy
Q0295,0b48619e-1602-488c-a23b-3d4937153dff,16269,544a5961-38d8-45f5-83e7-82fd8b8fed75,c44f361c-2efb-3050-8f97-0354a12e2920,c44f361c-2efb-3050-8f97-0354a12e2920,['226098a2-6a40-3588-b5bb-db56c3a30a04'],clinical history related to Normal pregnancy
Q0296,0b48619e-1602-488c-a23b-3d4937153dff,16254,945fe5a0-443b-409e-ad1e-7dbef356c7ae,c44f361c-2efb-3050-8f97-0354a12e2920,c44f361c-2efb-3050-8f97-0354a12e2920,['226098a2-6a40-3588-b5bb-db56c3a30a04'],clinical history related to Normal pregnancy
Q0297,0b48619e-1602-488c-a23b-3d4937153dff,16326,ac5cf737-ea21-4fab-9e34-68d1a9c5a252,c44f361c-2efb-3050-8f97-0354a12e2920,c44f361c-2efb-3050-8f97-0354a12e2920,['226098a2-6a40-3588-b5bb-db56c3a30a04'],clinical history related to Normal pregnancy
Q0298,0b48619e-1602-488c-a23b-3d4937153dff,16284,b6cfe865-d0bb-4444-8621-ef12e93560c9,c44f361c-2efb-3050-8f97-0354a12e2920,c44f361c-2efb-3050-8f97-0354a12e2920,['226098a2-6a40-3588-b5bb-db56c3a30a04'],clinical history related to Blighted ovum
Q0299,0b48619e-1602-488c-a23b-3d4937153dff,16338,defa6bc6-9217-42e9-8b58-60e120e05909,c44f361c-2efb-3050-8f97-0354a12e2920,c44f361c-2efb-3050-8f97-0354a12e2920,['226098a2-6a40-3588-b5bb-db56c3a30a04'],clinical history related to Normal pregnancy
Q0300,0b48619e-1602-488c-a23b-3d4937153dff,16382,ff74e695-14a8-422d-8455-7d5438a73b4a,c44f361c-2efb-3050-8f97-0354a12e2920,c44f361c-2efb-3050-8f97-0354a12e2920,['226098a2-6a40-3588-b5bb-db56c3a30a04'],clinical history related to Normal pregnancy
Q0301,81e21b21-8b49-4ac1-b00d-46a7f43e46a9,16623,00337e82-b60a-4481-9bce-5c81a51376e3,69176529-fd1f-3b3f-abce-a0a3626769eb,69176529-fd1f-3b3f-abce-a0a3626769eb,['779935ac-770d-3f96-9870-c38771f2c81b'],clinical history related to Normal pregnancy
Q0302,81e21b21-8b49-4ac1-b00d-46a7f43e46a9,7794,086f1f2b-19b5-4144-ba9b-c14bd29281e6,69176529-fd1f-3b3f-abce-a0a3626769eb,69176529-fd1f-3b3f-abce-a0a3626769eb,['779935ac-770d-3f96-9870-c38771f2c81b'],clinical history related to Viral sinusitis (disorder)
Q0303,81e21b21-8b49-4ac1-b00d-46a7f43e46a9,514,165fd8a8-e964-4d41-818e-080341863616,69176529-fd1f-3b3f-abce-a0a3626769eb,69176529-fd1f-3b3f-abce-a0a3626769eb,['779935ac-770d-3f96-9870-c38771f2c81b'],clinical history related to Normal pregnancy
Q0304,81e21b21-8b49-4ac1-b00d-46a7f43e46a9,16625,2de84f17-6d9a-485c-ac56-625403cdcb05,69176529-fd1f-3b3f-abce-a0a3626769eb,69176529-fd1f-3b3f-abce-a0a3626769eb,['779935ac-770d-3f96-9870-c38771f2c81b'],clinical history related to Normal pregnancy
Q0305,81e21b21-8b49-4ac1-b00d-46a7f43e46a9,16584,3097af95-0d04-44b9-9162-b79202bd1572,69176529-fd1f-3b3f-abce-a0a3626769eb,69176529-fd1f-3b3f-abce-a0a3626769eb,['779935ac-770d-3f96-9870-c38771f2c81b'],clinical history related to Normal pregnancy
Q0306,81e21b21-8b49-4ac1-b00d-46a7f43e46a9,520,6dbcd4dd-0488-4ccc-89e8-dc3c514234be,69176529-fd1f-3b3f-abce-a0a3626769eb,69176529-fd1f-3b3f-abce-a0a3626769eb,['779935ac-770d-3f96-9870-c38771f2c81b'],clinical history related to Viral sinusitis (disorder)
Q0307,81e21b21-8b49-4ac1-b00d-46a7f43e46a9,513,820c4523-5670-4c3b-90f4-4d74071d1d0d,69176529-fd1f-3b3f-abce-a0a3626769eb,69176529-fd1f-3b3f-abce-a0a3626769eb,['779935ac-770d-3f96-9870-c38771f2c81b'],clinical history related to Normal pregnancy
Q0308,81e21b21-8b49-4ac1-b00d-46a7f43e46a9,16647,973ee134-ff43-47f2-a661-591342b39209,69176529-fd1f-3b3f-abce-a0a3626769eb,69176529-fd1f-3b3f-abce-a0a3626769eb,['779935ac-770d-3f96-9870-c38771f2c81b'],clinical history related to Fetus with unknown complication
Q0309,81e21b21-8b49-4ac1-b00d-46a7f43e46a9,16579,e1c74bd7-efaa-4cef-b30b-80525fbe4d40,69176529-fd1f-3b3f-abce-a0a3626769eb,69176529-fd1f-3b3f-abce-a0a3626769eb,['779935ac-770d-3f96-9870-c38771f2c81b'],clinical history related to Normal pregnancy
Q0310,81e21b21-8b49-4ac1-b00d-46a7f43e46a9,16589,f7277769-a536-4e95-bfde-4ac7cc460312,69176529-fd1f-3b3f-abce-a0a3626769eb,69176529-fd1f-3b3f-abce-a0a3626769eb,['779935ac-770d-3f96-9870-c38771f2c81b'],clinical history related to Normal pregnancy
Q0311,99070f34-0b6f-4e84-97ea-cfc44ffaf5e8,236,01ccb1a4-cd28-4d57-93e3-46b9bde134af,d7b11827-25f2-350b-bcd8-939fc59851b0,d7b11827-25f2-350b-bcd8-939fc59851b0,['8b58cdd1-3d79-3126-8fe0-da2c54d6805c'],clinical history related to Viral sinusitis (disorder)
Q0312,99070f34-0b6f-4e84-97ea-cfc44ffaf5e8,221,1c22fb85-d285-4aa0-a6e8-3421b036fe57,d7b11827-25f2-350b-bcd8-939fc59851b0,d7b11827-25f2-350b-bcd8-939fc59851b0,['8b58cdd1-3d79-3126-8fe0-da2c54d6805c'],clinical history related to Acute viral pharyngitis (disorder)
Q0313,99070f34-0b6f-4e84-97ea-cfc44ffaf5e8,233,2ea7220b-532b-4e1d-959e-0d0f1cc47734,d7b11827-25f2-350b-bcd8-939fc59851b0,d7b11827-25f2-350b-bcd8-939fc59851b0,['8b58cdd1-3d79-3126-8fe0-da2c54d6805c'],clinical history related to Sinusitis (disorder)
Q0314,99070f34-0b6f-4e84-97ea-cfc44ffaf5e8,15279,4f9a2c66-3e26-4f0c-b079-28673df0acda,d7b11827-25f2-350b-bcd8-939fc59851b0,d7b11827-25f2-350b-bcd8-939fc59851b0,['8b58cdd1-3d79-3126-8fe0-da2c54d6805c'],clinical history related to Normal pregnancy
Q0315,99070f34-0b6f-4e84-97ea-cfc44ffaf5e8,15180,7a54e82b-c04c-43ab-a19b-632d54e5067f,d7b11827-25f2-350b-bcd8-939fc59851b0,d7b11827-25f2-350b-bcd8-939fc59851b0,['8b58cdd1-3d79-3126-8fe0-da2c54d6805c'],clinical history related to Normal pregnancy
Q0316,99070f34-0b6f-4e84-97ea-cfc44ffaf5e8,15261,8a57716f-2863-4b45-abf7-879f5c2a2f06,d7b11827-25f2-350b-bcd8-939fc59851b0,d7b11827-25f2-350b-bcd8-939fc59851b0,['8b58cdd1-3d79-3126-8fe0-da2c54d6805c'],clinical history related to Normal pregnancy
Q0317,99070f34-0b6f-4e84-97ea-cfc44ffaf5e8,15268,a18c081a-11a0-43ea-a1d9-20762b70ff18,d7b11827-25f2-350b-bcd8-939fc59851b0,d7b11827-25f2-350b-bcd8-939fc59851b0,['8b58cdd1-3d79-3126-8fe0-da2c54d6805c'],clinical history related to Normal pregnancy
Q0318,99070f34-0b6f-4e84-97ea-cfc44ffaf5e8,234,ab73fbfd-00b5-4eba-947a-ad6ad10d86de,d7b11827-25f2-350b-bcd8-939fc59851b0,d7b11827-25f2-350b-bcd8-939fc59851b0,['8b58cdd1-3d79-3126-8fe0-da2c54d6805c'],clinical history related to Normal pregnancy
Q0319,99070f34-0b6f-4e84-97ea-cfc44ffaf5e8,15230,c0e2b2fd-6776-4dd4-b3b4-c28af88e4c79,d7b11827-25f2-350b-bcd8-939fc59851b0,d7b11827-25f2-350b-bcd8-939fc59851b0,['8b58cdd1-3d79-3126-8fe0-da2c54d6805c'],clinical history related to Anemia (disorder)
Q0320,99070f34-0b6f-4e84-97ea-cfc44ffaf5e8,15284,fee5d77d-ed8e-45b0-8cce-679d73134cab,8b58cdd1-3d79-3126-8fe0-da2c54d6805c,d7b11827-25f2-350b-bcd8-939fc59851b0,['8b58cdd1-3d79-3126-8fe0-da2c54d6805c'],clinical history related to Normal pregnancy
Q0321,0c1606c8-637e-4ed3-baf4-67390d8f3956,642,03ce3735-55a8-468e-9059-1f3658845236,ecc51621-0af3-3b35-ac3e-8b1e34022e92,ecc51621-0af3-3b35-ac3e-8b1e34022e92,['463296bc-5a7c-3412-b888-eec038ac8e1b'],clinical history related to Acute viral pharyngitis (disorder)
Q0322,0c1606c8-637e-4ed3-baf4-67390d8f3956,636,220795f3-78d0-4733-b20a-78175ab8cef0,ecc51621-0af3-3b35-ac3e-8b1e34022e92,ecc51621-0af3-3b35-ac3e-8b1e34022e92,['463296bc-5a7c-3412-b888-eec038ac8e1b'],clinical history related to Acute bronchitis (disorder)
Q0323,0c1606c8-637e-4ed3-baf4-67390d8f3956,632,3631ba66-79ac-4cb6-a3a9-794b23500030,ecc51621-0af3-3b35-ac3e-8b1e34022e92,ecc51621-0af3-3b35-ac3e-8b1e34022e92,['463296bc-5a7c-3412-b888-eec038ac8e1b'],clinical history related to Viral sinusitis (disorder)
Q0324,0c1606c8-637e-4ed3-baf4-67390d8f3956,637,5144f7de-c9ce-49a1-91b8-b5fd0dfd94bc,ecc51621-0af3-3b35-ac3e-8b1e34022e92,ecc51621-0af3-3b35-ac3e-8b1e34022e92,['463296bc-5a7c-3412-b888-eec038ac8e1b'],clinical history related to Normal pregnancy
Q0325,0c1606c8-637e-4ed3-baf4-67390d8f3956,17757,5b9c93ac-9dfa-425f-9191-8cc74c95cd95,ecc51621-0af3-3b35-ac3e-8b1e34022e92,ecc51621-0af3-3b35-ac3e-8b1e34022e92,['463296bc-5a7c-3412-b888-eec038ac8e1b'],clinical history related to Normal pregnancy
Q0326,0c1606c8-637e-4ed3-baf4-67390d8f3956,635,93ae70f2-a505-4248-a000-cc07f5cf34f6,ecc51621-0af3-3b35-ac3e-8b1e34022e92,ecc51621-0af3-3b35-ac3e-8b1e34022e92,['463296bc-5a7c-3412-b888-eec038ac8e1b'],clinical history related to Acute viral pharyngitis (disorder)
Q0327,0c1606c8-637e-4ed3-baf4-67390d8f3956,17706,9ca1ee57-168d-4493-9b53-6fe2339338dd,ecc51621-0af3-3b35-ac3e-8b1e34022e92,ecc51621-0af3-3b35-ac3e-8b1e34022e92,['463296bc-5a7c-3412-b888-eec038ac8e1b'],clinical history related to Normal pregnancy
Q0328,0c1606c8-637e-4ed3-baf4-67390d8f3956,17762,bce75b24-d0a5-4fe3-84df-044dbd7d1bc6,ecc51621-0af3-3b35-ac3e-8b1e34022e92,ecc51621-0af3-3b35-ac3e-8b1e34022e92,['463296bc-5a7c-3412-b888-eec038ac8e1b'],clinical history related to Normal pregnancy
Q0329,0c1606c8-637e-4ed3-baf4-67390d8f3956,17753,dab92d79-7a31-4d81-b336-9a02473a98d3,ecc51621-0af3-3b35-ac3e-8b1e34022e92,ecc51621-0af3-3b35-ac3e-8b1e34022e92,['463296bc-5a7c-3412-b888-eec038ac8e1b'],clinical history related to Normal pregnancy
Q0330,0c1606c8-637e-4ed3-baf4-67390d8f3956,17769,ed32598f-7764-41c5-8b08-c6228b082509,ecc51621-0af3-3b35-ac3e-8b1e34022e92,ecc51621-0af3-3b35-ac3e-8b1e34022e92,['463296bc-5a7c-3412-b888-eec038ac8e1b'],clinical history related to Normal pregnancy
Q0331,d011ac4d-34e9-4887-a0bf-cf7b8a6f4abb,1099,00ebeb54-5497-4bd7-8ee7-5f598a15ea28,b7175ab4-bde5-3848-891b-579bccb77c7c,993d7018-68b2-3b21-84de-6813a8b2afd9,['b7175ab4-bde5-3848-891b-579bccb77c7c'],clinical history related to Hyperlipidemia
Q0332,d011ac4d-34e9-4887-a0bf-cf7b8a6f4abb,72,09118b92-5231-413c-b02c-b22cbe250597,b7175ab4-bde5-3848-891b-579bccb77c7c,993d7018-68b2-3b21-84de-6813a8b2afd9,['b7175ab4-bde5-3848-891b-579bccb77c7c'],clinical history related to Acute bacterial sinusitis (disorder)
Q0333,d011ac4d-34e9-4887-a0bf-cf7b8a6f4abb,73,2a6d7fe1-6ffa-4bca-b9ab-85cfaf4ae5b5,b7175ab4-bde5-3848-891b-579bccb77c7c,993d7018-68b2-3b21-84de-6813a8b2afd9,['b7175ab4-bde5-3848-891b-579bccb77c7c'],clinical history related to Viral sinusitis (disorder)
Q0334,d011ac4d-34e9-4887-a0bf-cf7b8a6f4abb,77,5e54a4ba-c2a1-4c4f-8f5a-48f51173b932,b7175ab4-bde5-3848-891b-579bccb77c7c,993d7018-68b2-3b21-84de-6813a8b2afd9,['b7175ab4-bde5-3848-891b-579bccb77c7c'],clinical history related to Viral sinusitis (disorder)
Q0335,d011ac4d-34e9-4887-a0bf-cf7b8a6f4abb,76,7389bb69-01ce-4a3b-babc-9b5ab6bac432,b7175ab4-bde5-3848-891b-579bccb77c7c,993d7018-68b2-3b21-84de-6813a8b2afd9,['b7175ab4-bde5-3848-891b-579bccb77c7c'],clinical history related to Acute bronchitis (disorder)
Q0336,d011ac4d-34e9-4887-a0bf-cf7b8a6f4abb,71,77dda0dd-ef16-4fb4-b7cc-91a74bf54091,b7175ab4-bde5-3848-891b-579bccb77c7c,993d7018-68b2-3b21-84de-6813a8b2afd9,['b7175ab4-bde5-3848-891b-579bccb77c7c'],clinical history related to Acute bacterial sinusitis (disorder)
Q0337,d011ac4d-34e9-4887-a0bf-cf7b8a6f4abb,1101,91a3ef32-9b48-440a-a355-573bfe3eeb69,b7175ab4-bde5-3848-891b-579bccb77c7c,993d7018-68b2-3b21-84de-6813a8b2afd9,['b7175ab4-bde5-3848-891b-579bccb77c7c'],clinical history related to Hyperlipidemia
Q0338,d011ac4d-34e9-4887-a0bf-cf7b8a6f4abb,1091,9b4ce81b-8c73-4f00-882c-aff3edf94743,b7175ab4-bde5-3848-891b-579bccb77c7c,993d7018-68b2-3b21-84de-6813a8b2afd9,['b7175ab4-bde5-3848-891b-579bccb77c7c'],clinical history related to Anemia (disorder)
Q0339,d011ac4d-34e9-4887-a0bf-cf7b8a6f4abb,70,aedf3ad6-bb64-4634-854a-75a198f9031b,b7175ab4-bde5-3848-891b-579bccb77c7c,993d7018-68b2-3b21-84de-6813a8b2afd9,['b7175ab4-bde5-3848-891b-579bccb77c7c'],clinical history related to Viral sinusitis (disorder)
Q0340,d011ac4d-34e9-4887-a0bf-cf7b8a6f4abb,1097,f1301247-c4e8-4d90-ba64-8c59e90ac326,b7175ab4-bde5-3848-891b-579bccb77c7c,993d7018-68b2-3b21-84de-6813a8b2afd9,['b7175ab4-bde5-3848-891b-579bccb77c7c'],clinical history related to Hyperlipidemia
Q0341,058590f8-c0f3-40c1-ac80-246437499d5d,16735,086f6c1b-ca2c-4940-aabe-53c55c1156cc,60457c13-adb2-3415-82c5-86ab5dab5f93,60457c13-adb2-3415-82c5-86ab5dab5f93,['5103c940-0c08-392f-95cd-446e0cea042a'],clinical history related to Normal pregnancy
Q0342,058590f8-c0f3-40c1-ac80-246437499d5d,16726,171b1821-f0ce-4947-a2af-2b9b31594d76,60457c13-adb2-3415-82c5-86ab5dab5f93,60457c13-adb2-3415-82c5-86ab5dab5f93,['5103c940-0c08-392f-95cd-446e0cea042a'],clinical history related to Normal pregnancy
Q0343,058590f8-c0f3-40c1-ac80-246437499d5d,554,434340cd-9562-4dc3-935c-ec826c000b11,60457c13-adb2-3415-82c5-86ab5dab5f93,60457c13-adb2-3415-82c5-86ab5dab5f93,['5103c940-0c08-392f-95cd-446e0cea042a'],clinical history related to Normal pregnancy
Q0344,058590f8-c0f3-40c1-ac80-246437499d5d,16817,55750e34-c821-4eca-a4e2-6197f0563418,60457c13-adb2-3415-82c5-86ab5dab5f93,60457c13-adb2-3415-82c5-86ab5dab5f93,['5103c940-0c08-392f-95cd-446e0cea042a'],clinical history related to Normal pregnancy
Q0345,058590f8-c0f3-40c1-ac80-246437499d5d,559,8da2eca2-4bd5-4ce7-927d-26a1057a6f8d,60457c13-adb2-3415-82c5-86ab5dab5f93,60457c13-adb2-3415-82c5-86ab5dab5f93,['5103c940-0c08-392f-95cd-446e0cea042a'],clinical history related to Normal pregnancy
Q0346,058590f8-c0f3-40c1-ac80-246437499d5d,16717,aa645e32-520d-4ca5-a839-97253570285a,60457c13-adb2-3415-82c5-86ab5dab5f93,60457c13-adb2-3415-82c5-86ab5dab5f93,['5103c940-0c08-392f-95cd-446e0cea042a'],clinical history related to Normal pregnancy
Q0347,058590f8-c0f3-40c1-ac80-246437499d5d,16724,c76452a5-b756-4b6d-be05-fc7d7ff3bacc,60457c13-adb2-3415-82c5-86ab5dab5f93,60457c13-adb2-3415-82c5-86ab5dab5f93,['5103c940-0c08-392f-95cd-446e0cea042a'],clinical history related to Normal pregnancy
Q0348,058590f8-c0f3-40c1-ac80-246437499d5d,558,d99b3ff1-c698-4f0e-b23c-77057aeb108e,60457c13-adb2-3415-82c5-86ab5dab5f93,60457c13-adb2-3415-82c5-86ab5dab5f93,['5103c940-0c08-392f-95cd-446e0cea042a'],clinical history related to Normal pregnancy
Q0349,058590f8-c0f3-40c1-ac80-246437499d5d,16738,dea16a7e-f42a-4cf6-97c5-35a5093cea73,60457c13-adb2-3415-82c5-86ab5dab5f93,60457c13-adb2-3415-82c5-86ab5dab5f93,['5103c940-0c08-392f-95cd-446e0cea042a'],clinical history related to Normal pregnancy
Q0350,058590f8-c0f3-40c1-ac80-246437499d5d,560,f2becdee-f1f3-4b6e-a0ad-9a42549b0f3f,60457c13-adb2-3415-82c5-86ab5dab5f93,60457c13-adb2-3415-82c5-86ab5dab5f93,['5103c940-0c08-392f-95cd-446e0cea042a'],clinical history related to Escherichia coli urinary tract infection
Q0351,19dea027-3a86-4f26-8b69-bbe969cb67cf,15975,05726616-0499-445e-8130-f30443317b66,27379046-608b-32f0-9df7-8c833cf5d11d,27379046-608b-32f0-9df7-8c833cf5d11d,['9a7149fa-49fc-3c87-b935-d29c55808717'],clinical history related to Normal pregnancy
Q0352,19dea027-3a86-4f26-8b69-bbe969cb67cf,18632,0c51be88-9da2-4d2a-989f-177175c71f04,27379046-608b-32f0-9df7-8c833cf5d11d,27379046-608b-32f0-9df7-8c833cf5d11d,['9a7149fa-49fc-3c87-b935-d29c55808717'],clinical history related to Acute bronchitis (disorder)
Q0353,19dea027-3a86-4f26-8b69-bbe969cb67cf,15952,1c0011b6-631d-40cb-ae7d-28df9227f48f,27379046-608b-32f0-9df7-8c833cf5d11d,27379046-608b-32f0-9df7-8c833cf5d11d,['9a7149fa-49fc-3c87-b935-d29c55808717'],clinical history related to Fetus with unknown complication
Q0354,19dea027-3a86-4f26-8b69-bbe969cb67cf,15922,613d7e3e-4b87-423b-93ef-114ceef6b4c1,27379046-608b-32f0-9df7-8c833cf5d11d,27379046-608b-32f0-9df7-8c833cf5d11d,['9a7149fa-49fc-3c87-b935-d29c55808717'],clinical history related to Normal pregnancy
Q0355,19dea027-3a86-4f26-8b69-bbe969cb67cf,15920,7b72a44c-ddfd-477b-b26b-9c0e280f0b13,27379046-608b-32f0-9df7-8c833cf5d11d,27379046-608b-32f0-9df7-8c833cf5d11d,['9a7149fa-49fc-3c87-b935-d29c55808717'],clinical history related to Normal pregnancy
Q0356,19dea027-3a86-4f26-8b69-bbe969cb67cf,348,7fbaf875-39a1-4d02-8071-13ad81880bfa,27379046-608b-32f0-9df7-8c833cf5d11d,27379046-608b-32f0-9df7-8c833cf5d11d,['9a7149fa-49fc-3c87-b935-d29c55808717'],clinical history related to Normal pregnancy
Q0357,19dea027-3a86-4f26-8b69-bbe969cb67cf,343,9bb1d557-ebe9-48fc-83ae-cd9727955309,27379046-608b-32f0-9df7-8c833cf5d11d,27379046-608b-32f0-9df7-8c833cf5d11d,['9a7149fa-49fc-3c87-b935-d29c55808717'],clinical history related to Normal pregnancy
Q0358,19dea027-3a86-4f26-8b69-bbe969cb67cf,15978,a70d1562-ae16-4353-8936-ae2e84519ce2,27379046-608b-32f0-9df7-8c833cf5d11d,27379046-608b-32f0-9df7-8c833cf5d11d,['9a7149fa-49fc-3c87-b935-d29c55808717'],clinical history related to Normal pregnancy
Q0359,19dea027-3a86-4f26-8b69-bbe969cb67cf,15924,dc5f40f8-56d0-4f46-820d-caad95795dcf,27379046-608b-32f0-9df7-8c833cf5d11d,27379046-608b-32f0-9df7-8c833cf5d11d,['9a7149fa-49fc-3c87-b935-d29c55808717'],clinical history related to Normal pregnancy
Q0360,19dea027-3a86-4f26-8b69-bbe969cb67cf,15992,fe2454d9-6ad5-43be-807c-22de8e66759a,27379046-608b-32f0-9df7-8c833cf5d11d,27379046-608b-32f0-9df7-8c833cf5d11d,['9a7149fa-49fc-3c87-b935-d29c55808717'],clinical history related to Normal pregnancy
Q0361,bb089c44-7126-4acd-a2fa-5e10dfa77516,18502,0fca603e-6727-4fb4-8dce-70c98feb6284,6be05ccf-ef94-341f-a2a3-1cf9bfde1b18,32836213-4ac7-3021-aad8-6383f3ced351,['6be05ccf-ef94-341f-a2a3-1cf9bfde1b18'],clinical history related to Acute bronchitis (disorder)
Q0362,bb089c44-7126-4acd-a2fa-5e10dfa77516,55,22c4a4b7-330b-4310-b3f2-d01a7234a649,6be05ccf-ef94-341f-a2a3-1cf9bfde1b18,32836213-4ac7-3021-aad8-6383f3ced351,['6be05ccf-ef94-341f-a2a3-1cf9bfde1b18'],clinical history related to Acute bacterial sinusitis (disorder)
Q0363,bb089c44-7126-4acd-a2fa-5e10dfa77516,52,70a8b01a-7bf4-4e1d-9169-bc3a16fb54cb,6be05ccf-ef94-341f-a2a3-1cf9bfde1b18,32836213-4ac7-3021-aad8-6383f3ced351,['6be05ccf-ef94-341f-a2a3-1cf9bfde1b18'],clinical history related to Acute viral pharyngitis (disorder)
Q0364,bb089c44-7126-4acd-a2fa-5e10dfa77516,51,845ff62b-8598-471a-b50a-535b97caa0b0,6be05ccf-ef94-341f-a2a3-1cf9bfde1b18,32836213-4ac7-3021-aad8-6383f3ced351,['6be05ccf-ef94-341f-a2a3-1cf9bfde1b18'],clinical history related to Viral sinusitis (disorder)
Q0365,bb089c44-7126-4acd-a2fa-5e10dfa77516,18507,855a3c93-dbc4-49f6-9510-4162f5158f90,6be05ccf-ef94-341f-a2a3-1cf9bfde1b18,32836213-4ac7-3021-aad8-6383f3ced351,['6be05ccf-ef94-341f-a2a3-1cf9bfde1b18'],clinical history related to Acute bronchitis (disorder)
Q0366,bb089c44-7126-4acd-a2fa-5e10dfa77516,56,a8ef4e0b-fc21-4807-8500-9a60e73dd4c2,6be05ccf-ef94-341f-a2a3-1cf9bfde1b18,32836213-4ac7-3021-aad8-6383f3ced351,['6be05ccf-ef94-341f-a2a3-1cf9bfde1b18'],clinical history related to Acute bronchitis (disorder)
Q0367,bb089c44-7126-4acd-a2fa-5e10dfa77516,54,b1a81759-f89c-4fa6-bb79-cfed91fe3756,6be05ccf-ef94-341f-a2a3-1cf9bfde1b18,32836213-4ac7-3021-aad8-6383f3ced351,['6be05ccf-ef94-341f-a2a3-1cf9bfde1b18'],clinical history related to Acute bacterial sinusitis (disorder)
Q0368,bb089c44-7126-4acd-a2fa-5e10dfa77516,48,b7a12338-5e30-4b9c-b071-e71e1f141648,6be05ccf-ef94-341f-a2a3-1cf9bfde1b18,32836213-4ac7-3021-aad8-6383f3ced351,['6be05ccf-ef94-341f-a2a3-1cf9bfde1b18'],clinical history related to Acute bronchitis (disorder)
Q0369,bb089c44-7126-4acd-a2fa-5e10dfa77516,18504,e5fc3069-e8d2-4549-8bf0-9dc8cc892056,6be05ccf-ef94-341f-a2a3-1cf9bfde1b18,32836213-4ac7-3021-aad8-6383f3ced351,['6be05ccf-ef94-341f-a2a3-1cf9bfde1b18'],clinical history related to Acute bronchitis (disorder)
Q0370,bb089c44-7126-4acd-a2fa-5e10dfa77516,18506,fe3d7033-2af1-43b4-935b-e57533f8f5b5,6be05ccf-ef94-341f-a2a3-1cf9bfde1b18,32836213-4ac7-3021-aad8-6383f3ced351,['6be05ccf-ef94-341f-a2a3-1cf9bfde1b18'],clinical history related to Acute bronchitis (disorder)
